﻿<?xml version="1.0" encoding="UTF-8"?><!DOCTYPE pages SYSTEM "cellflash-1.3.dtd">
<pages descr="Voice Mail">
	<page>
		<a href="#vmbsact">تفعيل</a>
		<br />
		<a href="vm.deactivate?lang=1&amp;planName=basic">الغاء</a>
		<br />
		<a href="vm.basic.moreinfo?lang=1">مزيد من المعلومات</a>
		<br />
	</page>
	<page tag="vmbsact">
		:تفعيل الخدمة عند
		<br />
		<a href="vm.activate?lang=1&amp;planName=basic&amp;actTrg=1&amp;ti=1">انشغال الخط</a>
		<br />
		<a href="vm.activate?lang=1&amp;planName=basic&amp;actTrg=2&amp;ti=1">إغلاق الخط أو خارج نطاق التغطية</a>
		<br />
		<a href="vm.activate?lang=1&amp;planName=basic&amp;actTrg=3&amp;ti=1">عدم الرد</a>
		<br />
		<a href="vm.activate?lang=1&amp;planName=basic&amp;actTrg=4&amp;ti=1">الكل</a>
		<br />
	</page>
</pages>
