﻿<?xml version="1.0" encoding="UTF-8"?><!DOCTYPE pages SYSTEM "cellflash-1.3.dtd">
<pages descr="Voice Mail">
	<page>
		<a href="#vmactexecutive">تفعيل</a>
		<br />
		<a href="vm.deactivate?lang=1&amp;planName=executive">الغاء</a>
		<br />
		<a href="vm.executive.moreinfo?lang=1">مزيد من المعلومات</a>
		<br />
	</page>
	<page tag="vmactexecutive" menutext="Main Menu">
 تفعيل الخدمة عند: <br />
                <a href="#busyAct">انشغال الخط</a>
                <br />
                <a href="#swAct">اغلاق الموبايل أو خارج نطاق التغطية</a>
                <br />
                <a href="#noAnswerAct">عدم الرد</a>
                <br />
                <a href="#allAct">الكل</a>
                <br />
        </page>
        <page tag="busyAct">
                <a href="vm.activate?lang=1&amp;planName=executive&amp;actTrg=1">تحتسب رسوم تفعيل بواقع 50 درهماً ورسوم ربع سنوية قدرها 15 درهماً. للتأكيد، اضغط 1</a>
        </page>
        <page tag="swAct">
                <a href="vm.activate?lang=1&amp;planName=executive&amp;actTrg=2">تحتسب رسوم تفعيل بواقع 50 درهماً ورسوم ربع سنوية قدرها 15 درهماً. للتأكيد، اضغط 1</a>
        </page>
        <page tag="noAnswerAct">
                <a href="vm.activate?lang=1&amp;planName=executive&amp;actTrg=3">تحتسب رسوم تفعيل بواقع 50 درهماً ورسوم ربع سنوية قدرها 15 درهماً. للتأكيد، اضغط 1</a>
        </page>
        <page tag="allAct">
                <a href="vm.activate?lang=1&amp;planName=executive&amp;actTrg=4">تحتسب رسوم تفعيل بواقع 50 درهماً ورسوم ربع سنوية قدرها 15 درهماً. للتأكيد، اضغط 1</a>
        </page>

</pages>
