<?xml version="1.0" encoding="UTF-8"?><!DOCTYPE pages SYSTEM "cellflash-1.3.dtd">
<pages descr="Voice Mail">
	<page>
		<a href="#vmactexecutive">Activate</a>
		<br />
		<a href="vm.deactivate?lang=2&amp;planName=executive">Deactivate</a>
		<br />
		<a href="vm.executive.moreinfo?lang=2">More Info</a>
		<br />
	</page>
	<page tag="vmactexecutive" menutext="Main Menu">
		Activate Service on:<br />
		<a href="#busyAct">Busy</a>
                <br />
                <a href="#swAct">Switched off or unreachable</a>
                <br />
                <a href="#noAnswerAct">No answer</a>
                <br />
		<a href="#allAct">All</a>
                <br />
	</page>
	<page tag="busyAct">
		<a href="vm.activate?lang=2&amp;planName=executive&amp;actTrg=1">Setup fee is AED 50 (paid once) , with a rental of AED 15 each 3 months. To confirm reply 1</a>
	</page>
	<page tag="swAct">
                <a href="vm.activate?lang=2&amp;planName=executive&amp;actTrg=2">Setup fee is AED 50 (paid once) , with a rental of AED 15 each 3 months. To confirm reply 1</a>
        </page>
	<page tag="noAnswerAct">
                <a href="vm.activate?lang=2&amp;planName=executive&amp;actTrg=3">Setup fee is AED 50 (paid once) , with a rental of AED 15 each 3 months. To confirm reply 1</a>
        </page>
	<page tag="allAct">
                <a href="vm.activate?lang=2&amp;planName=executive&amp;actTrg=4">Setup fee is AED 50 (paid once) , with a rental of AED 15 each 3 months. To confirm reply 1</a>
        </page>
</pages>
