<!-- **********************contextForLocal**************************** -->
<!-- <Context displayName="Welcome to TELEMUNE WEBADMIN" docBase="ussdserver" path="/ussdserver" reloadable="true">

<Resource name="jdbc/ussdServerA" auth="Container"
              type="javax.sql.DataSource" driverClassName="oracle.jdbc.driver.OracleDriver"
              url="jdbc:oracle:thin:@10.168.2.127:1521:mastera"
              username="ussd" password="ussd" maxActive="12" maxIdle="4"
              maxWait="-1"/>

  <Resource name="jdbc/ussdServerB" auth="Container"
              type="javax.sql.DataSource" driverClassName="oracle.jdbc.driver.OracleDriver"
              url="jdbc:oracle:thin:@10.168.2.127:1521:mastera"
              username="ussd" password="ussd" maxActive="12" maxIdle="4"
              maxWait="-1" />
</Context> -->

<!-- **********************contextForSudatelSite**************************** -->

<!-- <Context displayName="Welcome to TELEMUNE WEBADMIN" docBase="ussdserver" path="/ussdserver" reloadable="true">

<Resource name="jdbc/ussdServerA" auth="Container"
              type="javax.sql.DataSource" driverClassName="oracle.jdbc.driver.OracleDriver"
              url="jdbc:oracle:thin:@10.50.186.88:1521:mastera"
              username="ussd" password="ussd" maxActive="12" maxIdle="4"
              maxWait="-1"/>

  <Resource name="jdbc/ussdServerB" auth="Container"
              type="javax.sql.DataSource" driverClassName="oracle.jdbc.driver.OracleDriver"
              url="jdbc:oracle:thin:@10.50.186.88:1521:mastera"
              username="ussd" password="ussd" maxActive="12" maxIdle="4"
              maxWait="-1" />
</Context> -->

<!-- **********************contextForTelecel**************************** -->

<Context displayName="Welcome to ussdServer" docBase="ussdserver" path="/ussdserver" reloadable="true">

<Resource name="jdbc/ussdServerA" auth="Container"
              type="javax.sql.DataSource" driverClassName="oracle.jdbc.driver.OracleDriver"
              url="jdbc:oracle:thin:@10.10.14.2:1521:mastera"
              username="ussd" password="ussd" maxActive="12" maxIdle="4"
              maxWait="-1"/>

  <Resource name="jdbc/ussdServerB" auth="Container"
              type="javax.sql.DataSource" driverClassName="oracle.jdbc.driver.OracleDriver"
              url="jdbc:oracle:thin:@10.10.14.2:1521:mastera"
              username="ussd" password="ussd" maxActive="12" maxIdle="4"
              maxWait="-1" />
</Context>
