<?xml version="1.0" encoding="UTF-8"?>
<beans xmlns="http://www.springframework.org/schema/beans"
	xmlns:context="http://www.springframework.org/schema/context" xmlns:tx="http://www.springframework.org/schema/tx"
	xmlns:xsi="http://www.w3.org/2001/XMLSchema-instance" xmlns:mvc="http://www.springframework.org/schema/mvc"
	xmlns:p="http://www.springframework.org/schema/p" xmlns:mongo="http://www.springframework.org/schema/data/mongo"
	xsi:schemaLocation="
        http://www.springframework.org/schema/beans
        http://www.springframework.org/schema/beans/spring-beans-4.0.xsd
        http://www.springframework.org/schema/context
        http://www.springframework.org/schema/context/spring-context-4.0.xsd
        http://www.springframework.org/schema/tx
        http://www.springframework.org/schema/tx/spring-tx-4.0.xsd
        http://www.springframework.org/schema/mvc
        http://www.springframework.org/schema/mvc/spring-mvc-4.0.xsd
        http://www.springframework.org/schema/data/mongo
        http://www.springframework.org/schema/data/mongo/spring-mongo-1.0.xsd">
	<context:component-scan base-package="com.vcc.controller" />
	<context:component-scan base-package="com.vcc.config" />
	<context:component-scan base-package="com.vcc.cache" />
	<!-- <bean id="appConfig" class="com.vcc.config.AppConfig" /> -->
	
	<bean id="fileBasedConfig" class="com.vcc.config.FileBasedConfig" />
	<bean id="ussdCache" class="com.vcc.cache.UssdCache" />
	<bean
		class="org.springframework.beans.factory.config.PropertyPlaceholderConfigurer">

		<property name="location">
			<value>file:${PROPERTY_FILE_PATH}/VccUssdWar/database.properties
			</value>
		</property>
	</bean>

	<bean id="dataSource" class="com.mchange.v2.c3p0.ComboPooledDataSource"
		destroy-method="close">
		<property name="driverClass" value="${jdbc.driverClassName}" />
		<property name="jdbcUrl" value="${jdbc.url}" />
		<property name="user" value="${jdbc.username}" />
		<property name="password" value="${jdbc.password}" />
		<property name="maxPoolSize" value="${jdbc.maxPoolSize}" />
		<property name="minPoolSize" value="${jdbc.minPoolSize}" />
		<property name="maxStatements" value="${jdbc.maxStatements}" />
		<property name="testConnectionOnCheckout" value="${jdbc.testConnection}" />

	</bean>
	<!-- datasource set in appconfig -->
	<bean id="appConfig" class="com.vcc.config.AppConfig">
		<constructor-arg name="appConfig" ref="dataSource" />
	</bean>
	<bean id="startMonitorThread" class="com.vcc.config.StartMonitorThread"/>
	<bean id="vccGmatMsgStore" class="com.vcc.domain.VccGmatMsgStore" />
	<bean id="vccLbsTemplates" class="com.vcc.domain.VccLbsTemplates" />


	<!-- <context:component-scan base-package="com.vcc.model" /> <context:component-scan 
		base-package="com.vcc.config" /> <context:component-scan base-package="com.vcc.response" 
		/> -->
	<!-- <bean id="dataSource" class="org.springframework.jdbc.datasource.DriverManagerDataSource"> 
		<property name="driverClassName" value="com.mysql.jdbc.Driver" /> <property 
		name="url" value="jdbc:mysql://localhost:3306/vcc" /> <property name="username" 
		value="root" /> <property name="password" value="" /> </bean> -->
	<!-- <bean id="vmMessageDao" class="com.vcc.dao.UserProfileDao" /> -->
	<!-- <bean id="appConfig" class="com.vcc.config.AppConfig" > <constructor-arg 
		name="appConfig" ref="dataSource" /> </bean> -->
	<!-- <bean id="messageDao" class="com.vcc.dao.VccMessageDao" /> <bean id="vmRateDao" 
		class="com.vcc.dao.UserRateDao" /> <bean id="vccConfigDao" class="com.vcc.dao.VccUserConfigDao" 
		/> -->

	<!-- <bean id="userService" class="com.vcc.services.VccUserService" /> <bean 
		id="msgService" class="com.vcc.services.VccMessageService" /> <bean id="userConfigService" 
		class="com.vcc.services.VccUserConfigService" /> <bean id="vccServices" class="com.vcc.common.VccServices" 
		> <constructor-arg name="vccUserService" ref="userService" /> <constructor-arg 
		name="vccMessageService" ref="msgService" /> <constructor-arg name="vccUserConfigService" 
		ref="userConfigService" /> </bean> -->

	<mvc:annotation-driven />
</beans>