<?xml version="1.0" encoding="UTF-8"?>
<beans xmlns="http://www.springframework.org/schema/beans"  
    xmlns:xsi="http://www.w3.org/2001/XMLSchema-instance"
    xmlns:mvc = "http://www.springframework.org/schema/mvc"  
    xmlns:context="http://www.springframework.org/schema/context"  
    xsi:schemaLocation="http://www.springframework.org/schema/beans
         http://www.springframework.org/schema/beans/spring-beans-4.3.xsd
          http://www.springframework.org/schema/mvc
          http://www.springframework.org/schema/mvc/spring-mvc-4.3.xsd
          http://www.springframework.org/schema/context
          http://www.springframework.org/schema/context/spring-context-4.3.xsd">  
    <context:component-scan  base-package="com.telemune" />  
    <bean id="viewResolver"  
            class="org.springframework.web.servlet.view.UrlBasedViewResolver">  
            <property name="viewClass">  
                <value>  
                    org.springframework.web.servlet.view.tiles2.TilesView  
                </value>  
            </property>  
        </bean> 
     <bean id="tilesConfigurer"  
            class="org.springframework.web.servlet.view.tiles2.TilesConfigurer">  
            <property name="definitions">  
                <list>  
                    <value>/WEB-INF/tiles.xml</value>  
                </list>  
            </property>  
        </bean> 
        
        <bean id="multipartResolver"
		class="org.springframework.web.multipart.commons.CommonsMultipartResolver">

		 <!-- setting maximum upload size -->
		<property name="maxUploadSize" value="10000000000" />
		</bean>
		
        <mvc:interceptors>
	        <bean class="com.telemune.common.Interceptors"/>
	        <mvc:interceptor>
		        <mvc:mapping path="/**"/>
		        <mvc:exclude-mapping path="**resources/**"/>
		     	<bean class="com.telemune.common.Interceptors"/>
	        </mvc:interceptor>
        </mvc:interceptors>
        
        <mvc:resources mapping="/resources/**" location="/resources/themes/"  
	cache-period="31556926"/>

    <mvc:annotation-driven />  
    
    
   <!--  For Internationalization -->
   
    <bean id="messageSource" class="org.springframework.context.support.ReloadableResourceBundleMessageSource">
        <property name="basename" value="contentUser" />
        <property name="defaultEncoding" value="UTF-8"/>
    </bean>
     
     <mvc:interceptors>
     	<bean class="org.springframework.web.servlet.i18n.LocaleChangeInterceptor">
     		<property name="paramName" value="language"/>
     	</bean>
     </mvc:interceptors>
     
    <bean class="org.springframework.web.servlet.i18n.CookieLocaleResolver" id="localeResolver">
    <property name="defaultLocale" value="en"></property>
	</bean>
  
    
    
    <!-- classpath:/org/springframework/beans/factory/xml/spring-beans-4.3.xsd
          http://www.springframework.org/schema/mvc
           classpath:/org/springframework/web/servlet/config/spring-mvc-4.3.xsd
          http://www.springframework.org/schema/context
           classpath:/org/springframework/context/config/spring-context-4.3.xsd
     -->
    

</beans>  