<?xml version="1.0" encoding="UTF-8"?>
<!DOCTYPE tiles-definitions PUBLIC
"-//Apache Software Foundation//DTD Tiles Configuration 2.0//EN"
"http://tiles.apache.org/dtds/tiles-config_2_0.dtd">


<tiles-definitions>
<!-- THIS IS THE TILES DEFINITION OF LOGIN TEMPLATE -->

<definition name="loginPage" template="/WEB-INF/login/loginLayout.jsp">
<put-attribute name="title" value="" />  
<put-attribute name="header" value="/WEB-INF/login/header.jsp"/>
<put-attribute name="menu" value="" /> 
<put-attribute name="body" value="/WEB-INF/login/body.jsp"/>
<put-attribute name="footer" value="/WEB-INF/login/footer.jsp"/>
</definition>

<definition name="afterLogin" template="/WEB-INF/afterLogin/AfterLoginLayout.jsp">
<put-attribute name="title" value="" />  
<put-attribute name="header" value="/WEB-INF/afterLogin/header.jsp"/>
<put-attribute name="menu" value="/WEB-INF/afterLogin/menu.jsp" /> 
<put-attribute name="body" value="/WEB-INF/afterLogin/body.jsp"/>
<put-attribute name="footer" value="/WEB-INF/afterLogin/footer.jsp"/>
</definition>

<definition name="version" extends="loginPage">
<put-attribute name="body" value="/WEB-INF/webadmin/extra/version.jsp"/>
</definition>

<definition name="errorPage" template="/WEB-INF/webadmin/extra/errorPage.jsp">
<put-attribute name="body" value="/WEB-INF/webadmin/extra/errorPage.jsp"/>
</definition>

<!-- user -->

<definition name="searchUser" extends="afterLogin">
<put-attribute name="body" value="/WEB-INF/webadmin/userManage/searchUser.jsp"/>
</definition>

<definition name="searchResult" extends="afterLogin">
<put-attribute name="body" value="/WEB-INF/webadmin/userManage/searchResult.jsp"/>
</definition>

<definition name="error" extends="afterLogin">
<put-attribute name="body" value="/WEB-INF/webadmin/userManage/error.jsp"/>
</definition>

<definition name="view" extends="afterLogin">
<put-attribute name="body" value="/WEB-INF/webadmin/userManage/viewDetails.jsp"/>
</definition>

<definition name="modify" extends="afterLogin">
<put-attribute name="body" value="/WEB-INF/webadmin/userManage/modifyDetails.jsp"/>
</definition>

<definition name="addUser" extends="afterLogin">
<put-attribute name="body" value="/WEB-INF/webadmin/userManage/addUser.jsp"/>
</definition>


<!-- roles..... -->

<definition name="addViewRole" extends="afterLogin">
<put-attribute name="body" value="/WEB-INF/webadmin/roleManage/addViewRole.jsp"/>
</definition>

<definition name="addRole" extends="afterLogin">
<put-attribute name="body" value="/WEB-INF/webadmin/roleManage/addRole.jsp"/>
</definition>


<definition name="searchRole" extends="afterLogin">
<put-attribute name="body" value="/WEB-INF/webadmin/roleManage/rolesSearchResult.jsp"/>
</definition>


<definition name="viewRoleDetail" extends="afterLogin">
<put-attribute name="body" value="/WEB-INF/webadmin/roleManage/viewRoleDetail.jsp"/>
</definition>


<definition name="modifyLink" extends="afterLogin">
<put-attribute name="body" value="/WEB-INF/webadmin/roleManage/modifyRoles.jsp"/>
</definition>

<!-- content -->

<definition name="contentUpload" extends="afterLogin">
<put-attribute name="body" value="/WEB-INF/webadmin/contentManage/contentUpload.jsp"/>
</definition>

<definition name="downloadLink" extends="afterLogin">
<put-attribute name="body" value="/WEB-INF/webadmin/contentManage/downloadSheetPre.jsp"/>
</definition>

<definition name="downloadMain" extends="afterLogin">
<put-attribute name="body" value="/WEB-INF/webadmin/contentManage/downloadMain.jsp"/>
</definition>

</tiles-definitions>