<?xml version="1.0" encoding="UTF-8" ?>
<!DOCTYPE log4j:configuration SYSTEM "log4j.dtd">
<!--
    Document   : lo4j.xml
    Created on : October 14, 2016, 12:44 AM
    Author     : Arvind
    Description:
        Used in ussdserver to log the statements.
-->


<!--  Here is an XML configuration file for a Logger implementing a FileAppender using a PatternLayout: -->

<log4j:configuration xmlns:log4j='http://jakarta.apache.org/log4j/'>

    <appender name="appender" class='org.apache.log4j.FileAppender'>
        <!-- <param name="File" value="/home/arvind/tomcat/apache-tomcat-7.0.30/logs/ussdserver.log"/> -->
        <param name="File" value="${catalina.home}/logs/ussdserver.log" />
        <param name="Append" value="true"/> 
        <param name="MaxFileSize" value="100MB"/> 
        <param name="MaxBackupIndex" value="50"/> 
        <layout class="org.apache.log4j.PatternLayout"> 
            <param name="ConversionPattern" value="%d{MM-dd@HH:mm:ss,SSSS} %-5p [%c{2} : %L] %m%n"/> 
        </layout>         
<!--        <layout class="org.apache.log4j.PatternLayout">
          <param name="ConversionPattern" value="%d [%t] %p - %m%n"/>
        </layout>
-->        
    </appender>
   
    <appender name="ConsoleAppender" class="org.apache.log4j.ConsoleAppender">
        <layout class="org.apache.log4j.SimpleLayout"/>
    </appender>

    <root>
        <priority value ="debug"/>
        <appender-ref ref="appender"/>
     	<appender-ref ref="ConsoleAppender"/>  
    </root>

</log4j:configuration>
