<?xml version="1.0" encoding="ISO-8859-1" ?>
<api>
	<apis>
		<api>
			<railwayapi>
				<live>http://api.railwayapi.com/live/train/%s/doj/%s/apikey/lckhx5704</live>
				<pnr>http://api.railwayapi.com/pnr_status/pnr/%s/apikey/lckhx5704</pnr>
				<route>http://api.railwayapi.com/route/train/%s/apikey/lckhx5704/</route>
				<seat>http://api.railwayapi.com/check_seat/train/%s/source/%s/dest/%s/date/%s/class/%s/quota/%s/apikey/lckhx5704/</seat>
				<trainbwstation>http://api.railwayapi.com/between/source/%s/dest/%s/date/%s/apikey/lckhx5704/</trainbwstation>
				<fare>http://api.railwayapi.com/fare/train/%s/source/%s/dest/%s/age/%s/quota/%s/doj/%s/apikey/lckhx5704/</fare>
				<trainatstation>http://api.railwayapi.com/arrivals/station/%s/hours/%s/apikey/lckhx5704/</trainatstation>
				<stationlist>http://api.erail.in/stations/?key=lckhx5704</stationlist>
			</railwayapi>
		</api>
	</apis>
</api>