<?xml version="1.0" encoding="ISO-8859-1" ?>
<http-pool>
	<hosts>
		<max-ideal-time>10</max-ideal-time><!--Max ideal time for a connection 
			in milliseconds -->
		<!--Commented on 12th Jan 2018	
		<wait-timeout>1000</wait-timeout>Wait timeout in milliseconds to check 
			ideal & expired connections by the monitor thread 
		-->
		
		<!-- Sleeping time of the monitoring thread, after taking the nap for the specified time,
		    each time it will execute the closeIdleConnection and expiredConnection 
		-->
		<idle-monitor-thread-sleep-time>60000</idle-monitor-thread-sleep-time>
		<max-total>150</max-total>
		<default-max-per-route>150</default-max-per-route> 
	<!--  
		<host>
			     //<name>http://10.168.3.57:8080</name> 
			<name>10.168.3.57</name>
			<port>8080</port>
			<max-conn>600</max-conn>
			<so-timeout>3000</so-timeout>
		</host>
	-->
	</hosts>
</http-pool>
