<Context displayName="Welcome to TELEMUNE VMS" docBase="custcare" path="/custcare" reloadable="true">
 <!-- <Resource auth="Container" name="jdbc/crbtadminA" type="javax.sql.DataSource"/>
  <ResourceParams name="jdbc/crbtadminA">
    <parameter>
      <name>url</name>
						<value>jdbc:oracle:thin:@172.20.237.249:1521:mastera</value>
    </parameter>
    <parameter>
      <name>validationQuery</name>
      <value>select * from dual</value>
    </parameter>
    <parameter>
      <name>maxIdle</name>
      <value>1</value>
    </parameter>
    <parameter>
      <name>maxActive</name>
      <value>2</value>
    </parameter>
    <parameter>
      <name>driverClassName</name>
      <value>oracle.jdbc.driver.OracleDriver</value>
    </parameter>
    <parameter>
      <name>maxWait</name>
      <value>-1</value>
    </parameter>
    <parameter>
      <name>removeAbandoned</name>
      <value>true</value>
    </parameter>
    <parameter>
      <name>factory</name>
      <value>org.apache.commons.dbcp.BasicDataSourceFactory</value>
    </parameter>
    <parameter>
      <name>username</name>
      <value>crbt</value>
    </parameter>
    <parameter>
      <name>logAbandoned</name>
      <value>true</value>
    </parameter>
    <parameter>
      <name>removeAbandonedTimeout</name>
      <value>60</value>
    </parameter>
    <parameter>
      <name>password</name>
      <value>crbt</value>
    </parameter>
  </ResourceParams>
  <Resource auth="Container" name="jdbc/crbtadminB" type="javax.sql.DataSource"/>
  <ResourceParams name="jdbc/crbtadminB">
    <parameter>
      <name>url</name>
						<value>jdbc:oracle:thin:@172.20.237.249:1521:mastera</value>
    </parameter>
    <parameter>
      <name>validationQuery</name>
      <value>select * from dual</value>
    </parameter>
    <parameter>
      <name>maxIdle</name>
      <value>1</value>
    </parameter>
    <parameter>
      <name>maxActive</name>
      <value>2</value>
    </parameter>
    <parameter>
      <name>driverClassName</name>
      <value>oracle.jdbc.driver.OracleDriver</value>
    </parameter>
    <parameter>
      <name>maxWait</name>
      <value>-1</value>
    </parameter>
    <parameter>
      <name>removeAbandoned</name>
      <value>true</value>
    </parameter>
    <parameter>
      <name>factory</name>
      <value>org.apache.commons.dbcp.BasicDataSourceFactory</value>
    </parameter>
    <parameter>
      <name>username</name>
      <value>crbt</value>
    </parameter>
    <parameter>
      <name>logAbandoned</name>
      <value>true</value>
    </parameter>
    <parameter>
      <name>removeAbandonedTimeout</name>
      <value>60</value>
    </parameter>
    <parameter>
      <name>password</name>
      <value>crbt</value>
    </parameter>
  </ResourceParams>  -->

	<Resource name="jdbc/crbtadminA" auth="Container" type="javax.sql.DataSource"
		driverClassName="oracle.jdbc.driver.OracleDriver" url="jdbc:oracle:thin:@10.168.1.23:1521:mastera"
		username="smsg" password="smsg" maxActive="2" maxIdle="1" maxWait="-1" />

	<Resource name="jdbc/crbtadminB" auth="Container" type="javax.sql.DataSource"
		driverClassName="oracle.jdbc.driver.OracleDriver" url="jdbc:oracle:thin:@10.168.1.23:1521:mastera"
		username="smsg" password="smsg" maxActive="2" maxIdle="1" maxWait="-1" />
</Context>
