<?xml version="1.0" encoding="UTF-8"?>
<beans xmlns="http://www.springframework.org/schema/beans"
    xmlns:context="http://www.springframework.org/schema/context"
    xmlns:xsi="http://www.w3.org/2001/XMLSchema-instance" xmlns:p="http://www.springframework.org/schema/p"
    xmlns:tx="http://www.springframework.org/schema/tx"
    xsi:schemaLocation="
         http://www.springframework.org/schema/beans
         http://www.springframework.org/schema/beans/spring-beans-4.0.xsd
         http://www.springframework.org/schema/context
         http://www.springframework.org/schema/context/spring-context-4.0.xsd
         http://www.springframework.org/schema/tx
         http://www.springframework.org/schema/tx/spring-tx-4.0.xsd
         http://www.springframework.org/schema/aop
         http://www.springframework.org/schema/aop/spring-aop-4.0.xsd">
         
         <context:component-scan base-package="com.redhat.springMvc"></context:component-scan>
 		<context:annotation-config></context:annotation-config>      
 		
         <bean class="org.springframework.web.servlet.view.InternalResourceViewResolver">
         	<!-- <property name="viewClass" value="org.springframework.web.servlet.view.JstlView"></property> -->
         	<property name="prefix" value="/view/"></property>
         	<property name="suffix" value=".jsp"></property>
         </bean>
         
 </beans>