<?xml version="1.0" encoding="UTF-8"?>
<!DOCTYPE log4j:configuration PUBLIC "-//APACHE//DTD LOG4J 1.2//EN" "http://logging.apache.org/log4j/1.2/apidocs/org/apache/log4j/xml/doc-files/log4j.dtd">
<log4j:configuration>

	<appender name="appender" class="org.apache.log4j.RollingFileAppender">
		<param name="File"
			value="/home/richard/apache-tomcat-7.0.77/logs/marketplace/marketplaceApi.out" />
		<param name="Append" value="true" />
		<param name="MaxFileSize" value="200MB" />
		<param name="MaxBackupIndex" value="10" />
		<layout class="org.apache.log4j.PatternLayout">
			<param name="ConversionPattern" value="%d %5p %C{1}.%M():%L - %m%n" /> 
		</layout>
	</appender>
	
	<appender name="errorFile" class="org.apache.log4j.RollingFileAppender">               
		<param name="File" value="/home/richard/apache-tomcat-7.0.77/logs/marketplace/marketplaceApi_Error.out" />
		<param name="Append" value="true" />
		<param name="MaxFileSize" value="100MB" />
		<param name="MaxBackupIndex" value="10" />
		<param name="threshold" value="ERROR"/>
		<layout class="org.apache.log4j.PatternLayout">
			<param name="ConversionPattern" value="%d %5p %C{1}.%M():%L - %m%n" />
		</layout>
    </appender>
	
	<root>
		<priority value="debug" />
		<appender-ref ref="appender" />
		<appender-ref ref="errorFile" />
	</root>

</log4j:configuration>