﻿<?xml version="1.0" encoding="UTF-8"?><!DOCTYPE pages SYSTEM "cellflash-1.3.dtd">
<pages descr="Voice Mail">
	<page>
		<a href="#vmactexecutive">تفعيل</a>
		<br />
		<a href="vm.deactivate?lang=1&amp;planName=executive">ﺎﻠﻏﺍﺀ</a>
		<br />
		<a href="#moreinfo">مزيد من المعلومات </a>
		<br />
	</page>
	<page tag="vmactexecutive" menutext="Main Menu">
		:تفعيل الخدمة عند
		<br />
		<a href="vm.activate?lang=1&amp;planName=executive&amp;actTrg=1">انشغال الخط </a>
		<br />
		<a href="vm.activate?lang=1&amp;planName=executive&amp;actTrg=2">إغلاق الموبايل او خارج نطاق التغطية</a>
		<br />
		<a href="vm.activate?lang=1&amp;planName=executive&amp;actTrg=3">عدم الرد</a>
		<br />
		<a href="vm.activate?lang=1&amp;planName=executive&amp;actTrg=4">الكل</a>
		<br />
	</page>
	<page tag="moreinfo" menutext="Main Menu">
		ﻻ تفوت أي مكالمة بعد الاّن عندما يكون موبايلك مغلقاً أو خارج نطاق
		التغطية ﺃﻭ في حالة عدم تمكنك من الرد 
		<br />
	</page>
</pages>
