﻿<?xml version="1.0" encoding="UTF-8"?><!DOCTYPE pages SYSTEM "cellflash-1.3.dtd">
<pages descr="Voice Note">
	<page>
		<a href="vn.activate?lang=1&amp;planName=default">تفعيل</a>
		<br />
		<a href="vn.deactivate?lang=1&amp;planName=default">ﺎﻠﻏﺍﺀ</a>
		<br />
		<a href="#moreinfo">مزيد من المعلونات</a>
		<br />
	</page>
	<page tag="moreinfo">
		تمتع بخدمة ﺭﺩ اّلي تتيح استلام مكالمتك عندما يكون موبايلك مغلقاً ﺃﻭ
		عندما ﻻ يمكنك ﺎﻟﺭﺩ فقط حيث يمكن المتصلين بك الانتظار لبعد ﺎﻠﺻﺎﻓﺭﺓ وترك 
		رسالة صوتية ﺍﻭ اغلاق ﺎﻠﺨﻃ قبل ذلك .
		<br />
	</page>
</pages>
