<?xml version="1.0" encoding="UTF-8"?>
<!DOCTYPE pages SYSTEM "cellflash-1.3.dtd">
<pages descr="Voice Mail">
	<page menutext="Main Menu">
		<a href="#vmactivate">Activate</a>
		<br />
		<a href="vm.deactivate?lang=2&amp;planName=basic">Deactivate</a>
		<br />
		<a href="#vmmoreinfo">More Info</a>
		<br />
	</page>
	<page tag="vmactivate" menutext="notext">
		Activate Service on:<br />
		<a href="vm.activate?lang=2&amp;planName=basic&amp;actTrg=1">Busy</a><br />
		<a href="vm.activate?lang=2&amp;planName=basic&amp;actTrg=2">Switch off or unreachable</a><br />
		<a href="vm.activate?lang=2&amp;planName=basic&amp;actTrg=3">No answer</a><br />
		<a href="vm.activate?lang=2&amp;planName=basic&amp;actTrg=4">All</a><br />
	</page>
	<page tag="vmmoreinfo" menutext="Main Menu">
		Never miss a call when mobile is switched of or out of coverage or simply can’t answer, the voicemail service will work as an answering machine &amp; take all your calls.<br />
	</page>
</pages>
