<?xml version="1.0" encoding="UTF-8"?><!DOCTYPE pages SYSTEM "cellflash-1.3.dtd">
<pages descr="Voice Note">
	<page>
		<a href="vn.activate?lang=2&amp;planName=default">Activate</a>
		<br />
		<a href="vn.deactivate?lang=2&amp;planName=default">Deactivate</a>
		<br />
		<a href="#vnmoreinfo">More Info</a>
		<br />
	</page>
	<page tag="vnmoreinfo">
		Enjoy a new &amp; free smart service that will transfer your MCN to an answering machine, allowing your callers to leave you Voicenotes &amp; you retrieve them for free. <br />
	</page>
</pages>
