﻿<?xml version="1.0" encoding="UTF-8"?><!DOCTYPE pages SYSTEM "cellflash-1.3.dtd">
<pages descr="SubscribeNotifyMe">
	<page>
		Select Language<br />
		<a href="#arabic">العربية</a><br />
		<a href="#engilsh">English</a><br />
	</page>
	<page tag="engilsh" menutext="Main Menu" backtext="Back to previous menu">
		Notify Me Service<br />
		<a href="notify.me.activate?lang=2">Activate</a><br />
		<a href="notify.me.deactivate?lang=2">Deactivate</a><br />
		<a href="#moreinfoeng">More Info</a><br />
	</page>
	<page tag="arabic" menutext="Main menu" backtext="Back to previous menu">
		خدمة إعلام المتصل
		<br />
		<a href="notify.me.activate?lang=1">تفعيل</a>
		<br />
		<a href="notify.me.deactivate?lang=1">إيقاف</a>
		<br />
		<a href="#moreinfoarabic">المزيد من المعلومات</a>
		<br />
	</page>
	<page tag="moreinfoeng" nav="stop">
		Notify me is a free service available to notify your callers from outside UAE that you are back on network.<br />
	</page>
	<page tag="moreinfoarabic" nav="stop">
		خدمة أعلام ﺎلمتصل هي إحدى خدمات  القيمة ﺎﻠﻤﺿﺎﻓﺓ ﺎﻠﻤﺟﺎﻨﻳﺓ التي توفرها
		اتصالات لجميع مشتركي الموبايل . حيث تتيح هذه الخدمة اشعار المتصلين بك 
		من خارج الأمارات برسلة نصية قصيرة تخبرهم بعودتك الى التغطية وذلك فور 
		.تشغيلك لهاتفك النقال 
		<br />
	</page>
</pages>
