﻿<?xml version="1.0" encoding="UTF-8"?>
<!DOCTYPE pages SYSTEM "cellflash-1.3.dtd">
<pages descr="Voice mail voice Note Ussd Menu">
	<page>
		Select Language<br />
		<a href="#arabic">العربية</a>
		<br />
		<a href="#engilsh">English</a>
		<br />
	</page>
	<page tag="arabic" menutext="Main Menu">
		:ﺎﺨﺗﺭ ﺎﻠﺧﺪﻣﺓ المطلوبة
		<br />
		<a href="voicemail?lang=1">ﺎالبريد الصوتي</a>
		<br />
		<a href="voicenote?lang=1">ﺍالاشعار ﺎالصوتي الذكي (للمكالمات ﺎﻠﻓﺎﺌﺗﺓ)</a>
		<br />
	</page>
	<page tag="engilsh" menutext="Main Menu">
		Select the service you want to access:<br />
		<a href="voicemail?lang=2">Voice Mail</a>
		<br />
		<a href="voicenote?lang=2">Voice Note (Free Smart MCN)</a>
		<br />
	</page>
</pages>
