<?xml version="1.0" encoding="UTF-8"?>
<!DOCTYPE beans PUBLIC "-//SPRING//DTD BEAN//EN" "http://www.springframework.org/dtd/spring-beans.dtd">

<beans>
<bean id="dataSource" class="com.mchange.v2.c3p0.ComboPooledDataSource"
        destroy-method="close">
        <property name="driverClass" value="oracle.jdbc.driver.OracleDriver" />
        <property name="jdbcUrl" value="jdbc:oracle:thin:@10.168.2.127:1521:mastera" />
        <property name="user" value="uniptest" />
        <property name="password" value="uniptest" />
        <property name="maxPoolSize" value="20" />
        <property name="minPoolSize" value="10" />
        <property name="maxStatements" value="10" />
        <property name="testConnectionOnCheckout" value="true" />
        
    </bean>
    </beans>