<?xml version="1.0" encoding="UTF-8"?>
<table>
<msgLength>2</msgLength>
	<field>
		<param>responseId</param>
		<column>RESPONSE_ID</column>
		<!-- <defaultvalue>SMSG_MESSAGE_ID.NEXTVAL</defaultvalue> -->
		<defaultvalue>default</defaultvalue>
		<columnType>int</columnType>
		<paramType>S</paramType>
		<validation>
			<required><check>true</check><msg>response id is Missing</msg></required>
			<length><check>true</check><minLength>10</minLength><maxLength>12</maxLength><msg>Number length is not valid</msg></length>
			<number><check>true</check><msg>invalid number</msg></number>
			<range><check>true</check><minRange>9100000000</minRange><maxRange>9200000000</maxRange><msg>Number Range is not valid</msg></range>
			<values><check>true</check><value>9100000002,9150000000,3,4</value><msg>response id is not defined</msg></values>
		</validation>
	</field>
<field>
		<param>requestId</param>
		<column>REQUEST_ID</column>
		<!-- <defaultvalue>SMSG_MESSAGE_ID.NEXTVAL</defaultvalue> -->
		<defaultvalue>default</defaultvalue>
		<columnType>int</columnType>
		<paramType>S</paramType>
		<validation>
			<required><check>true</check><msg>Number is Missing</msg></required>
			<length><check>true</check><minLength>10</minLength><maxLength>12</maxLength><msg>Number length is not valid</msg></length>
			<number><check>true</check><msg>invalid number</msg></number>
			<range><check>true</check><minRange>9100000000</minRange><maxRange>9200000000</maxRange><msg>Number Range is not valid</msg></range>
			<values><check>true</check><value>9100000002,9150000000,3,4</value><msg>Values are not defined</msg></values>
		</validation>
	</field>

	<field>
		<param>orgNumber</param>
		<column>ORIGINATING_NUMBER</column>
		<defaultvalue>1</defaultvalue>
		<columnType>String</columnType>
		<paramType>M</paramType>
		<validation>
			<required><check>true</check><msg>Origination Number is Missing</msg></required>
			<length><check>false</check><minLength>10</minLength><maxLength>12</maxLength><msg>Origination Number length is not valid</msg></length>
			<number><check>false</check><msg>invalid number</msg></number>
			<range><check>false</check><minRange>9100000000</minRange><maxRange>9200000000</maxRange><msg>Origination Number is not in Range</msg></range>
			<values><check>true</check><value>9100000002,9150000000,3,vm</value><msg>origination Numbers is not defined</msg></values>
		</validation>
	</field>
	
	<field>
		<param>destNumber</param>
		<column>DESTINATION_NUMBER</column>
		<defaultvalue>1</defaultvalue>
		<columnType>String</columnType>
		<paramType>M</paramType>
		<validation>
			<required><check>true</check><msg>Destination Number is Missing</msg></required>
			<length><check>true</check><minLength>10</minLength><maxLength>12</maxLength><msg>Destination Number length is not valid</msg></length>
			<number><check>true</check><msg>invalid number</msg></number>
			<range><check>true</check><minRange>9100000000</minRange><maxRange>9200000000</maxRange><msg>Destination Number not in Range</msg></range>
			<values><check>false</check><value>9100000002,9150000000,3,4</value><msg>Destination number is not defined</msg></values>
		</validation>
	</field>
	<field>
		<param>message</param>
		<column>MESSAGE_TEXT</column>
		<defaultvalue>N</defaultvalue>
		<columnType>string</columnType>
		<paramType>M</paramType>
		<validation>
			<required><check>true</check><msg>Message text is Missing</msg></required>
			<length><check>true</check><minLength>2</minLength><maxLength>100</maxLength><msg>Message length is not valid</msg></length>
			<number><check>false</check><msg>invalid number</msg></number>
			<range><check>false</check><minRange>9100000000</minRange><maxRange>9200000000</maxRange><msg>Number Range is not valid</msg></range>
			<values><check>false</check><value>9100000002,9150000000,3,4</value><msg>Values are not defined</msg></values>
		</validation>
	</field>
	
		<field>
		<param>submitTime</param>
		<column>SUBMIT_TIME</column>
		<!-- <defaultvalue>SYSDATE</defaultvalue> -->
		<defaultvalue>sysdate()</defaultvalue>
		<columnType>date</columnType>
		<paramType>S</paramType>
		<validation>
			<required><check>true</check><msg>Number is Missing</msg></required>
			<length><check>true</check><minLength>10</minLength><maxLength>12</maxLength><msg>Number length is not valid</msg></length>
			<number><check>true</check><msg>invalid number</msg></number>
			<range><check>true</check><minRange>9100000000</minRange><maxRange>9200000000</maxRange><msg>Number Range is not valid</msg></range>
			<values><check>true</check><value>9100000002,9150000000,3,4</value><msg>Values are not defined</msg></values>
		</validation>
	</field>

	<field>
		<param>messageType</param>
		<column>MESSAGE_TYPE</column>
		<defaultvalue>1</defaultvalue>
		<columnType>int</columnType>
		<paramType>O</paramType>
		<validation>
			<required><check>true</check><msg>Message Type is Missing</msg></required>
			<length><check>true</check><minLength>1</minLength><maxLength>2</maxLength><msg>Message type length is not valid</msg></length>
			<number><check>true</check><msg>invalid number</msg></number>
			<range><check>false</check><minRange>9100000000</minRange><maxRange>9200000000</maxRange><msg>Number Range is not valid</msg></range>
			<values><check>true</check><value>1,5,12,4</value><msg>Message Type is not defined</msg></values>
		</validation>
	</field>
	<field>
		<param>language</param>
		<column>LANGUAGE</column>
		<defaultvalue>1</defaultvalue>
		<columnType>int</columnType>
		<paramType>S</paramType>
		<validation>
			<required><check>true</check><msg>Number is Missing</msg></required>
			<length><check>true</check><minLength>10</minLength><maxLength>12</maxLength><msg>Number length is not valid</msg></length>
			<number><check>true</check><msg>invalid number</msg></number>
			<range><check>true</check><minRange>9100000000</minRange><maxRange>9200000000</maxRange><msg>Number Range is not valid</msg></range>
			<values><check>true</check><value>9100000002,9150000000,3,4</value><msg>Language is not defined</msg></values>
		</validation>
	</field>
	<field>
		<param>udh</param>
		<column>UDH</column>
		<defaultvalue>1</defaultvalue>
		<columnType>string</columnType>
		<paramType>S</paramType>
		<validation>
			<required><check>true</check><msg>Number is Missing</msg></required>
			<length><check>true</check><minLength>10</minLength><maxLength>12</maxLength><msg>Number length is not valid</msg></length>
			<number><check>true</check><msg>invalid number</msg></number>
			<range><check>true</check><minRange>9100000000</minRange><maxRange>9200000000</maxRange><msg>Number Range is not valid</msg></range>
			<values><check>true</check><value>9100000002,9150000000,3,4</value><msg>Values are not defined</msg></values>
		</validation>
	</field>
	<field>
		<param>statusReport</param>
		<column>STATUS_REPORT</column>
		<defaultvalue>1</defaultvalue>
		<columnType>int</columnType>
		<paramType>O</paramType>
		<validation>
			<required><check>true</check><msg>Status Report is Missing</msg></required>
			<length><check>false</check><minLength>10</minLength><maxLength>12</maxLength><msg>Number length is not valid</msg></length>
			<number><check>true</check><msg>invalid status report</msg></number>
			<range><check>false</check><minRange>9100000000</minRange><maxRange>9200000000</maxRange><msg>Number Range is not valid</msg></range>
			<values><check>true</check><value>1,0</value><msg>Status report is not defined</msg></values>
		</validation>
	</field>
	<field>
		<param>dataCodingScheme</param>
		<column>DATA_CODING_SCHEME</column>
		<defaultvalue>1</defaultvalue>
		<columnType>int</columnType>
		<paramType>S</paramType>
		<validation>
			<required><check>true</check><msg>Number is Missing</msg></required>
			<length><check>true</check><minLength>10</minLength><maxLength>12</maxLength><msg>Number length is not valid</msg></length>
			<number><check>true</check><msg>invalid number</msg></number>
			<range><check>true</check><minRange>9100000000</minRange><maxRange>9200000000</maxRange><msg>Number Range is not valid</msg></range>
			<values><check>true</check><value>9100000002,9150000000,3,4</value><msg>Values are not defined</msg></values>
		</validation>
	</field>
	<field>
		<param>protocolIdentifier</param>
		<column>PROTOCOL_IDENTIFIER</column>
		<defaultvalue>1</defaultvalue>
		<columnType>int</columnType>
		<paramType>O</paramType>
		<validation>
			<required><check>true</check><msg>Protocol Identifier is Missing</msg></required>
			<length><check>false</check><minLength>10</minLength><maxLength>12</maxLength><msg>Number length is not valid</msg></length>
			<number><check>true</check><msg>invalid number</msg></number>
			<range><check>false</check><minRange>9100000000</minRange><maxRange>9200000000</maxRange><msg>Number Range is not valid</msg></range>
			<values><check>true</check><value>1,0</value><msg>Protocol Identifier is not defined</msg></values>
		</validation>
	</field>
	<field>
		<param>priority</param>
		<column>PRIORITY</column>
		<defaultvalue>1</defaultvalue>
		<columnType>int</columnType>
		<paramType>S</paramType>
		<validation>
			<required><check>true</check><msg>Number is Missing</msg></required>
			<length><check>true</check><minLength>10</minLength><maxLength>12</maxLength><msg>Number length is not valid</msg></length>
			<number><check>true</check><msg>invalid number</msg></number>
			<range><check>true</check><minRange>9100000000</minRange><maxRange>9200000000</maxRange><msg>Number Range is not valid</msg></range>
			<values><check>true</check><value>9100000002,9150000000,3,4</value><msg>Values are not defined</msg></values>
		</validation>
	</field>
	<field>
		<param>chargingCode</param>
		<column>CHARGING_CODE</column>
		<defaultvalue>1</defaultvalue>
		<columnType>int</columnType>
		<paramType>S</paramType>
		<validation>
			<required><check>true</check><msg>Number is Missing</msg></required>
			<length><check>true</check><minLength>10</minLength><maxLength>12</maxLength><msg>Number length is not valid</msg></length>
			<number><check>true</check><msg>invalid number</msg></number>
			<range><check>true</check><minRange>9100000000</minRange><maxRange>9200000000</maxRange><msg>Number Range is not valid</msg></range>
			<values><check>true</check><value>9100000002,9150000000,3,4</value><msg>Values are not defined</msg></values>
		</validation>
	</field>
		<field>
		<param>status</param>
		<column>STATUS</column>
		<defaultvalue>R</defaultvalue>
		<columnType>string</columnType>
		<paramType>S</paramType>
		<validation>
			<required><check>true</check><msg>Number is Missing</msg></required>
			<length><check>true</check><minLength>10</minLength><maxLength>12</maxLength><msg>Number length is not valid</msg></length>
			<number><check>true</check><msg>invalid number</msg></number>
			<range><check>true</check><minRange>9100000000</minRange><maxRange>9200000000</maxRange><msg>Number Range is not valid</msg></range>
			<values><check>true</check><value>9100000002,9150000000,3,4</value><msg>Values are not defined</msg></values>
		</validation>
	</field>
		<field>
		<param>validityPeriod</param>
		<column>VALIDITY_PERIOD</column>
		<defaultvalue>1</defaultvalue>
		<columnType>int</columnType>
		<paramType>O</paramType>
		<validation>
			<required><check>true</check><msg>validity Period is Missing</msg></required>
			<length><check>true</check><minLength>1</minLength><maxLength>12</maxLength><msg>VAlidity Period length is not valid</msg></length>
			<number><check>true</check><msg>invalid number</msg></number>
			<range><check>true</check><minRange>1</minRange><maxRange>9000000000</maxRange><msg>Validity Period Range is not valid</msg></range>
			<values><check>false</check><value>9100000002,9150000000,3,4</value><msg>Values are not defined</msg></values>
		</validation>
	</field>
		<field>
		<param>messageId</param>
		<column>MESSAGE_ID</column>
		<defaultvalue>1</defaultvalue>
		<columnType>int</columnType>
		<paramType>S</paramType>
		<validation>
			<required><check>true</check><msg>Number is Missing</msg></required>
			<length><check>true</check><minLength>10</minLength><maxLength>12</maxLength><msg>Number length is not valid</msg></length>
			<number><check>true</check><msg>invalid number</msg></number>
			<range><check>true</check><minRange>9100000000</minRange><maxRange>9200000000</maxRange><msg>Number Range is not valid</msg></range>
			<values><check>true</check><value>9100000002,9150000000,3,4</value><msg>Values are not defined</msg></values>
		</validation>
	</field>
		<field>
		<param>interfaceId</param>
		<column>INTERFACE_ID</column>
		<defaultvalue>1</defaultvalue>
		<columnType>string</columnType>
		<paramType>S</paramType>
		<validation>
			<required><check>true</check><msg>Number is Missing</msg></required>
			<length><check>true</check><minLength>10</minLength><maxLength>12</maxLength><msg>Number length is not valid</msg></length>
			<number><check>true</check><msg>invalid number</msg></number>
			<range><check>true</check><minRange>9100000000</minRange><maxRange>9200000000</maxRange><msg>Number Range is not valid</msg></range>
			<values><check>true</check><value>9100000002,9150000000,3,4</value><msg>Values are not defined</msg></values>
		</validation>
	</field>
		<field>
		<param>interfaceType</param>
		<column>INTERFACE_TYPE</column>
		<defaultvalue>1</defaultvalue>
		<columnType>int</columnType>
		<paramType>S</paramType>
		<validation>
			<required><check>true</check><msg>Number is Missing</msg></required>
			<length><check>true</check><minLength>10</minLength><maxLength>12</maxLength><msg>Number length is not valid</msg></length>
			<number><check>true</check><msg>invalid number</msg></number>
			<range><check>true</check><minRange>9100000000</minRange><maxRange>9200000000</maxRange><msg>Number Range is not valid</msg></range>
			<values><check>true</check><value>9100000002,9150000000,3,4</value><msg>Values are not defined</msg></values>
		</validation>
	</field>
		<field>
		<param>destinationPort</param>
		<column>DESTINATION_PORT</column>
		<defaultvalue>1</defaultvalue>
		<columnType>int</columnType>
		<paramType>O</paramType>
		<validation>
			<required><check>true</check><msg>Destination Port is Missing</msg></required>
			<length><check>false</check><minLength>10</minLength><maxLength>12</maxLength><msg>Number length is not valid</msg></length>
			<number><check>true</check><msg>invalid number</msg></number>
			<range><check>false</check><minRange>9100000000</minRange><maxRange>9200000000</maxRange><msg>Number Range is not valid</msg></range>
			<values><check>true</check><value>0,1</value><msg>Destination Port is not defined</msg></values>
		</validation>
	</field>
	<field>
		<param>campId</param>
		<column>CAMPAIGN_ID</column>
		<defaultvalue>1</defaultvalue>
		<columnType>int</columnType>
		<paramType>O</paramType>
		<validation>
			<required><check>true</check><msg>Campaign Id is Missing</msg></required>
			<length><check>true</check><minLength>4</minLength><maxLength>10</maxLength><msg>Campaign Id length is not valid</msg></length>
			<number><check>true</check><msg>invalid number</msg></number>
			<range><check>false</check><minRange>9100000000</minRange><maxRange>9200000000</maxRange><msg>Number Range is not valid</msg></range>
			<values><check>false</check><value>9100000002,9150000000,3,4</value><msg>Values are not defined</msg></values>
		</validation>
	</field>
	 <field>
		<param>smscId</param>
		<column>SMSC_ID</column>
		<defaultvalue>1</defaultvalue>
		<columnType>int</columnType>
		<paramType>O</paramType>
		<validation>
			<required><check>true</check><msg>SMSC Id is Missing</msg></required>
			<length><check>false</check><minLength>4</minLength><maxLength>10</maxLength><msg>Campaign Id length is not valid</msg></length>
			<number><check>true</check><msg>invalid smscId</msg></number>
			<range><check>false</check><minRange>9100000000</minRange><maxRange>9200000000</maxRange><msg>Number Range is not valid</msg></range>
			<values><check>true</check><value>1,2</value><msg>SMSC ID is not defined</msg></values>
		</validation>
	</field>
	</table>