<?xml version="1.0" encoding="UTF-8"?>
<!DOCTYPE pages SYSTEM "cellflash-1.3.dtd">
<pages descr="Voice Mail">
	<page>
		<a href="#vmbsact">ﻒﻌﻟ</a>
		<br />
		<a href="vm.deactivate?lang=2&planName=basic">ﺖﻌﻄﻴﻟ</a>
		<br />
		<a href="vm.moreinfo?lang=2">ﻡﺰﻳﺩ ﻢﻧ ﺎﻠﻤﻌﻟﻮﻣﺎﺗ</a>
		<br />
	</page>
	<page tag="vmbsact">
		ﺖﻔﻌﻴﻟ ﺎﻠﺧﺪﻣﺓ ﻊﻟﻯ:
		<br />
		<a href="vm.activate?lang=2&planName=basic&actTrg=1&ti=1">ﻢﺸﻏﻮﻟ</a>
		<br />
		<a href="vm.activate?lang=2&planName=basic&actTrg=2&ti=1">ﺈﻴﻗﺎﻓ ﺃﻭ ﻲﺘﻋﺫﺭ ﺎﻟﻮﺻﻮﻟ ﺈﻠﻴﻫ</a>
		<br />
		<a href="vm.activate?lang=2&planName=basic&actTrg=3&ti=1">ﺍ ﺎﺟﺎﺑﺓ</a>
		<br />
		<a href="vm.activate?lang=2&planName=basic&actTrg=4&ti=1">ﺞﻤﻴﻋ</a>
		<br />
	</page>
	<page tag="moreinfo?lang=2">
		ﻞﻧ ﺖﻔﻗﺩ ﺄﻳ ﻢﻛﺎﻠﻣﺓ ﻊﻧﺪﻣﺍ ﻲﺘﻣ ﺖﺸﻐﻴﻟ ﺎﻠﻤﺤﻣﻮﻟ ﻢﻐﻠﻗﺍ ﺃﻭ ﺥﺍﺮﺟ ﻦﻃﺎﻗ ﺎﻠﺘﻐﻄﻳﺓ
		ﺃﻭ ﺐﺒﺳﺎﻃﺓ ﻻ ﻲﻤﻜﻧ ﺍﻺﺟﺎﺑﺓ
		<br />
		ﻭ ﺥﺪﻣﺓ ﺎﻠﺑﺮﻳﺩ ﺎﻠﺻﻮﺘﻳ ﻝﺭﺩ ﻊﻟﻯ ﺎﻠﻤﻛﺎﻠﻣﺎﺗ ﺎﻠﺧﺎﺻﺓ ﺐﻛ ﻮﻴﻤﻜﻨﻛ ﺍﻼﺴﺘﻣﺎﻋ ﺈﻠﻴﻫﺍ
		ﻒﻳ ﻮﻘﺗ ﻼﺤﻗ ﻊﻟﻯ ﺭﺎﺤﺘﻛ.
		<br />
	</page>
</pages>
