<?xml version="1.0" encoding="UTF-8"?>
<!DOCTYPE pages SYSTEM "cellflash-1.3.dtd">
<pages descr="Voice Note">
	<page>
		<a href="vn.activate?lang=2&planName=default">ﻒﻌﻟ</a>
		<br />
		<a href="vn.deactivate?lang=2&planName=default">ﺖﻌﻄﻴﻟ</a>
		<br />
		<a href="vn.moreinfo">ﻡﺰﻳﺩ ﻢﻧ ﺎﻠﻤﻌﻟﻮﻣﺎﺗ</a>
		<br />
	</page>
	<page tag="vn.moreinfo">
		ﻲﺘﻤﺘﻋ ﺞﻫﺍﺯ ﺎﻟﺭﺩ ﻊﻟﻯ ﺎﻠﻤﻛﺎﻠﻣﺎﺗ ﺎﻠﻤﺟﺎﻨﻳﺓ ﺎﻠﺘﻳ ﺱﻮﻓ ﺕﺄﺧﺫ ﺎﻠﻤﻛﺎﻠﻣﺎﺗ ﻊﻧﺩ
		ﻩﺎﺘﻔﻛ ﻢﻐﻠﻗﺍ ﺃﻭ ﻻ ﻲﻤﻜﻧ ﺍﻺﺟﺎﺑﺓ.
		<br />
	</page>
</pages>
