<?xml version="1.0" encoding="UTF-8"?>
<!DOCTYPE pages SYSTEM "cellflash-1.3.dtd">
<pages descr="Voice Mail">
	<page menutext="Main Menu">
		<a href="#vmactivate">Activate</a>
		<br />
		<a href="vm.deactivate?lang=1&planName=basic">Deactivate</a>
		<br />
		<a href="#vmmoreinfo">More Info</a>
		<br />
	</page>
	<page tag="vmactivate" menutext="notext">
		Activate Service on:
		<br />
		<a href="vm.activate?lang=1&planName=basic&actTrg=1">Busy</a>
		<br />
		<a href="vm.activate?lang=1&planName=basic&actTrg=2">Switch off or unreachable</a>
		<br />
		<a href="vm.activate?lang=1&planName=basic&actTrg=3">No answer</a>
		<br />
		<a href="vm.activate?lang=1&planName=basic&actTrg=4">All</a>
		<br />
	</page>
	<page tag="vmmoreinfo" menutext="Main Menu">
		Never miss a call when mobile is switched off or out of coverage or
		simply can't answer
		<br />
		The Voice Mail service will answer your calls and you can listen to it
		later at your convenience.
		<br />
	</page>
</pages>
