<?xml version="1.0" encoding="UTF-8"?>
<!DOCTYPE pages SYSTEM "cellflash-1.3.dtd">
<pages descr="Voice Mail">
	<page>
		<a href="#vmactexecutive">Activate</a>
		<br />
		<a href="vm.deactivate?lang=1&planName=executive">Deactivate</a>
		<br />
		<a href="#vmmoreinfoexecutive">More Info</a>
		<br />
	</page>
	<page tag="vmactexecutive" menutext="Main Menu">
		Activate Service on:
		<br />
		<a href="vm.activate?lang=1&planName=executiv&actTrg=1&">Busy</a>
		<br />
		<a href="vm.activate?lang=1&planName=executive&actTrg=2">Switch off or unreachable</a>
		<br />
		<a href="vm.activate?lang=1&planName=executive&actTrg=3">No answer</a>
		<br />
		<a href="vm.activate?lang=1&planName=executive&actTrg=4">All</a>
		<br />
	</page>
	<page tag="vmmoreinfoexecutive" menutext="Main Menu">
		Never miss a call when mobile is switched off or out of coverage or
		simply can't answer
		<br />
		The Voice Mail service will answer your calls and you can listen to it
		later at your convenience.
		<br />
	</page>
</pages>
