<?xml version="1.0" encoding="UTF-8"?>
<!DOCTYPE pages SYSTEM "cellflash-1.3.dtd">
<pages descr="SubscribeNotifyMe">
	<page>
		Select Language
		<br />
		<a href="#engilsh">English</a>
		<br />
		<a href="#arabic">ﺎﻠﻋﺮﺒﻳﺓ</a>
		<br />
	</page>
	<page tag="engilsh" menutext="Main Menu" backtext="Back to previous menu">
		Notify Me Service<br />
		<a href="notify.me.activate?lang=1">Activate</a>
		<br />
		<a href="notify.me.deactivate?lang=1">Deactivate</a>
		<br />
		<a href="#moreinfoeng">More Info</a>
		<br />
	</page>
	<page tag="arabic" menutext="Main menu" backtext="Back to previous menu">
		ﻲﺨﻃﺭ ﻞﻳ ﺎﻠﺧﺪﻣﺓ
		<br />
		<a href="notify.me.activate?lang=2">ﻒﻌﻟ</a>
		<br />
		<a href="notify.me.deactivate?lang=2">ﺖﻌﻄﻴﻟ</a>
		<br />
		<a href="#moreinfoarabic">ﻡﺰﻳﺩ ﻢﻧ ﺎﻠﻤﻌﻟﻮﻣﺎﺗ</a>
		<br />
	</page>
	<page tag="moreinfoeng" nav="stop">
		Notify me is a free service available to notify your callers from
		outside callers from outside UAE that you are back on network
		<br />
	</page>
	<page tag="moreinfoarabic" nav="stop">
		ﻲﺨﻃﺭ ﻞﻳ ﻩﻭ ﺥﺪﻣﺓ ﻢﺟﺎﻨﻳﺓ ﻢﺗﺎﺣﺓ ﻝ ﺖﺨﻃﺭ ﺎﻠﻤﺘﺼﻠﻴﻧ ﺐﻛ ﻢﻧ ﺎﻠﻤﺘﺼﻠﻴﻧ ﺎﻠﺧﺍﺮﺠﻳ ﻢﻧ
		ﺥﺍﺮﺟ ﺩﻮﻟﺓ ﺍﻺﻣﺍﺭﺎﺗ ﺎﻠﻋﺮﺒﻳﺓ ﺎﻠﻤﺘﺣﺩﺓ ﺄﻧ ﻚﻨﺗ ﻡﺭﺓ ﺄﺧﺭﻯ ﻊﻟﻯ ﺎﻠﺸﺒﻛﺓ
		<br />
	</page>
</pages>
