<?xml version="1.0" encoding="UTF-8"?>
<!DOCTYPE pages SYSTEM "cellflash-1.3.dtd">
<pages descr="Voice mail voice Note Ussd Menu">
        <page>
                Select Language<br/>
                <a href="#engilsh">English</a><br/>
                <a href="#arabic">ﺎﻠﻋﺮﺒﻳﺓ</a><br/>
        </page>
        <page tag="engilsh" menutext="Main Menu">
                Select the service you want to access:<br/>
                <a href="voicemail?lang=1">Voice Mail</a><br/>
                <a href="voicenote?lang=1">Voice Note</a><br/>
        </page>
        <page tag="arabic" menutext="Main Menu">ﺎﺨﺘﻳﺍﺭ ﺎﻠﺧﺪﻣﺓ ﺎﻠﺘﻳ ﺕﺮﻳﺩ ﺎﻟﻮﺻﻮﻟ ﺈﻠﻴﻫﺍ<br/>
                <a href="voicemail?lang=2">ﺎﻠﺑﺮﻳﺩ ﺎﻠﺻﻮﺘﻳ</a><br/>
                <a href="voicenote?lang=2">ﺹﻮﺗ ﻡﻼﺤﻇﺓ</a><br/>
        </page>
</pages>