<?xml version="1.0" encoding="UTF-8"?>
<Configuration status="WARN" monitorInterval="30">
    <Properties>
        <Property name="LOG_PATTERN">
        	%highlight{%d{MM-dd@HH:mm:ss,SSSS} [%t] %5p %c{1}:%L - %m%n}
        </Property>
    </Properties>
    <Appenders>
    <RollingFile name="LogToRollingFile" fileName="/home/kirti/logs/BeepCall/BeepCallApi/BeepCall.log" 
    filePattern="/home/kirti/logs/BeepCall/BeepCallApi/$${date:yyyy-MM}/app-%d{MM-dd-yyyy}-%i.log.gz">
            <PatternLayout disableAnsi="false"  pattern="${LOG_PATTERN}"/>
        <Policies>
            <TimeBasedTriggeringPolicy/>
            <SizeBasedTriggeringPolicy size="2 KB"/>
        </Policies>
        <DefaultRolloverStrategy max="100"/>

    </RollingFile>
 <!--        <File name="ConsoleAppender" fileName="/home/kirti/checking.log">
            <PatternLayout disableAnsi="false"  pattern="${LOG_PATTERN}"/>
        </File> -->
    </Appenders>
    <Loggers>
        <Logger name="com.example.log4j2demo" level="debug" additivity="false">
            <AppenderRef ref="LogToRollingFile" />
        </Logger>

        <Root level="debug">
            <AppenderRef ref="LogToRollingFile" />
        </Root>
    </Loggers>




</Configuration>


