<?xml version="1.0" encoding="UTF-8"?>
<beans xmlns="http://www.springframework.org/schema/beans"
	xmlns:xsi="http://www.w3.org/2001/XMLSchema-instance" xmlns:p="http://www.springframework.org/schema/p"
	xmlns:context="http://www.springframework.org/schema/context"
	xmlns:util="http://www.springframework.org/schema/util"
	xsi:schemaLocation="http://www.springframework.org/schema/beans  
                            http://www.springframework.org/schema/beans/spring-beans-3.0.xsd
                                http://www.springframework.org/schema/util 
                                    http://www.springframework.org/schema/util/spring-util-3.1.xsd
                                        http://www.springframework.org/schema/context
                                            http://www.springframework.org/schema/context/spring-context-2.5.xsd">


	<!--<bean id="allProperties" class="org.springframework.beans.factory.config.PropertiesFactoryBean"> 
		<property name="locations"> <list> <value>file:properties/TelemuneUssdRouter.properties</value> 
		<value>file:properties/db.properties</value> </list> </property> </bean> -->
	<context:property-placeholder
		location="file:properties/db.properties,file:properties/TelemuneUssdRouter.properties" />

	<bean id="ds" class="com.mchange.v2.c3p0.ComboPooledDataSource"
		destroy-method="close">
		<property name="driverClass" value="${jdbc.driverClassName}" />
		<property name="jdbcUrl" value="${jdbc.db_url}" />
		<property name="user" value="${jdbc.username}" />
		<property name="password" value="${jdbc.password}" />
		<property name="maxPoolSize" value="${jdbc.maxPoolSize}" />
		<property name="minPoolSize" value="${jdbc.minPoolSize}" />
		<property name="maxStatements" value="${jdbc.maxStatements}" />
		<property name="testConnectionOnCheckout" value="${jdbc.testConnection}" />
	</bean>


	<!-- jdbcTemplate -->
	<bean id="jdbcTemplate" class="org.springframework.jdbc.core.JdbcTemplate">
		<property name="dataSource" ref="ds" />
	</bean>
	<!-- jdbcTemplte created -->

	<!-- cacheLoader reference created -->
	<bean id="cacheLoader" class="com.telemune.ussdrouter.db.CacheLoader"
		scope="prototype" />
	<!-- End here -->

	<!-- All Global Parameters -->

	<bean id="requestMap" class="java.util.concurrent.ConcurrentHashMap" />

	<bean id="routerReqQueue" class="java.util.concurrent.ArrayBlockingQueue">
		<constructor-arg value="${router.Router_Request_Queue_Capacity}"
			type="int" />
	</bean>

	<bean id="httpReqQueue" class="java.util.concurrent.ArrayBlockingQueue">
		<constructor-arg value="${router.Http_Request_Queue_Capacity}"
			type="int" />
	</bean>

	<bean id="httpTlvReqQueue" class="java.util.concurrent.ArrayBlockingQueue">
		<constructor-arg value="${router.Http_Tlv_Request_Queue_Capacity}"
			type="int" />
	</bean>

	<bean id="smppReqQueue" class="java.util.concurrent.ArrayBlockingQueue">
		<constructor-arg value="${router.Smpp_Request_Queue_Capacity}"
			type="int" />
	</bean>

	<bean id="dbReqQueue" class="java.util.concurrent.ArrayBlockingQueue">
		<constructor-arg value="${router.Db_Request_Queue_Capacity}"
			type="int" />
	</bean>

	<bean id="routerResQueue" class="java.util.concurrent.ArrayBlockingQueue">
		<constructor-arg value="${router.Router_Response_Queue_Capacity}"
			type="int" />
	</bean>

	<bean id="httpResQueue" class="java.util.concurrent.ArrayBlockingQueue">
		<constructor-arg value="${router.Http_Response_Queue_Capacity}"
			type="int" />
	</bean>

	<bean id="smppResQueue" class="java.util.concurrent.ArrayBlockingQueue">
		<constructor-arg value="${router.Smpp_Response_Queue_Capacity}"
			type="int" />
	</bean>

	<bean id="dbResQueue" class="java.util.concurrent.ArrayBlockingQueue">
		<constructor-arg value="${router.Db_Response_Queue_Capacity}"
			type="int" />
	</bean>

	<bean id="serverSocketMap" class="java.util.concurrent.ConcurrentHashMap" />

	<!-- End here -->

	<!-- TlvAppInterface reference created -->
	<bean id="tlvAppInterface" class="TlvLib.TLVAppInterface" scope="prototype" />
	<!-- End here -->

	<!-- byteArrayOutputStream reference created -->
	<bean id="byteArrayOutputStream" class="java.io.ByteArrayOutputStream"
		scope="prototype" />
	<!-- End here -->

	<!-- RouterProcessor reference created -->
	<bean id="routerProcessor" class="com.telemune.ussdrouter.RouterProcessor"
		scope="prototype">
		<constructor-arg ref="httpReqQueue" />
		<constructor-arg ref="smppReqQueue" />
		<constructor-arg ref="dbReqQueue" />
		<constructor-arg ref="requestMap" />
		<constructor-arg ref="dbOperations" />
		<constructor-arg ref="ussdUtils" />
		<constructor-arg ref="routerResQueue" />
		<constructor-arg ref="httpResQueue" />
		<constructor-arg ref="smppResQueue" />
		<constructor-arg ref="dbResQueue" />
	</bean>
	<!-- End here -->

	<!-- httpTaskExecutor internal queue size -->
	<bean id="httpTaskExecutorInternalQueue" class="java.util.concurrent.ArrayBlockingQueue">
		<constructor-arg value="${router.httpThread_internalQueueSize}"
			type="int" />
	</bean>
	<!-- End here -->

	<!--httpRejectedTaskHandler -->
	<bean id="httpRejectedTaskHandler" class="com.telemune.ussdrouter.HttpRejectedWork" />
	<!-- End here -->

	<!-- httpTaskExecutor reference created -->
	<bean id="httpTaskExecutor" class="java.util.concurrent.ThreadPoolExecutor">
		<constructor-arg index="0" type="int"
			value="${router.httpThread_corePoolSize}" />
		<constructor-arg index="1" type="int"
			value="${router.httpThread_maximumPoolSize}" />
		<constructor-arg index="2" type="long"
			value="${router.httpThread_keepAliveTime}" />
		<constructor-arg index="3" type="java.util.concurrent.TimeUnit">
			<util:constant static-field="java.util.concurrent.TimeUnit.SECONDS" />
		</constructor-arg>
		<constructor-arg index="4" ref="httpTaskExecutorInternalQueue" />
	</bean>
	<!-- End here -->


	<!-- requestTaskExecutor internal queue size -->
	<bean id="requestTaskExecutorInternalQueue" class="java.util.concurrent.ArrayBlockingQueue">
		<constructor-arg value="${router.requestThread_internalQueueSize}"
			type="int" />
	</bean>
	<!-- End here -->

	<!--RequestRejectedTaskHandler -->
	<bean id="requestRejectedTaskHandler" class="com.telemune.ussdrouter.RequestRejectedWork" />
	<!-- End here -->

	<!-- RequestTaskExecutor reference created -->
	<bean id="requestTaskExecutor" class="java.util.concurrent.ThreadPoolExecutor">
		<constructor-arg index="0" type="int"
			value="${router.requestThread_corePoolSize}" />
		<constructor-arg index="1" type="int"
			value="${router.requestThread_maximumPoolSize}" />
		<constructor-arg index="2" type="long"
			value="${router.requestThread_keepAliveTime}" />
		<constructor-arg index="3" type="java.util.concurrent.TimeUnit">
			<util:constant static-field="java.util.concurrent.TimeUnit.SECONDS" />
		</constructor-arg>
		<constructor-arg index="4"
			ref="requestTaskExecutorInternalQueue" />
	</bean>
	<!-- End here -->

	<!-- RouterPostProcessor reference created -->
	<bean id="routerPostProcessor" class="com.telemune.ussdrouter.RouterPostProcessor"
		scope="prototype">
		<constructor-arg ref="routerResQueue" />
		<constructor-arg ref="requestMap" />
		<constructor-arg ref="ussdUtils" />
		<constructor-arg ref="httpReqQueue" />
		<constructor-arg ref="routerReqQueue" />
		<constructor-arg ref="dbOperations" />
		<constructor-arg ref="requestTaskExecutor" />
		<constructor-arg ref="requestRejectedTaskHandler" />
		<constructor-arg ref="httpTaskExecutor" />
		<constructor-arg ref="httpRejectedTaskHandler" />
	</bean>
	<!-- End here -->

	<!-- responseTaskExecutor internal queue size -->
	<bean id="responseTaskExecutorInternalQueue" class="java.util.concurrent.ArrayBlockingQueue">
		<constructor-arg value="${router.responseThread_internalQueueSize}"
			type="int" />
	</bean>
	<!-- End here -->

	<!--RequestRejectedTaskHandler -->
	<bean id="responseRejectedTaskHandler" class="com.telemune.ussdrouter.ResponseRejectedWork" />
	<!-- End here -->

	<!-- ResponseTaskExecutor reference created -->
	<bean id="responseTaskExecutor" class="java.util.concurrent.ThreadPoolExecutor">
		<constructor-arg index="0" type="int"
			value="${router.responseThread_corePoolSize}" />
		<constructor-arg index="1" type="int"
			value="${router.responseThread_maximumPoolSize}" />
		<constructor-arg index="2" type="long"
			value="${router.responseThread_keepAliveTime}" />
		<constructor-arg index="3" type="java.util.concurrent.TimeUnit">
			<util:constant static-field="java.util.concurrent.TimeUnit.SECONDS" />
		</constructor-arg>
		<constructor-arg index="4"
			ref="responseTaskExecutorInternalQueue" />
	</bean>
	<!-- End here -->

	<!-- UssdServerSocket -->
	<bean id="serverSocket" class="java.net.ServerSocket">
		<constructor-arg value="${router.local_Port}" />
	</bean>
	<!-- Create bean id of AcceptorInputStreamFactory bean call by RouterServerAcceptor 
		thread -->
	<bean id="acceptorInputStreamBean"
		class="com.telemune.ussdrouter.factorybean.AcceptorInputStreamFactory" />

	<!-- Create bean Id of InputStream by providing class,factory bean,factory 
		method and scope -->
	<bean id="acceptorInputStream" class="java.io.InputStream"
		factory-bean="acceptorInputStreamBean" factory-method="getInputStream"
		scope="prototype" />

	<!-- Create bean id for DataInputStredam by providing reference of acceptorInputStream 
		call by RouterServerAcceptor thread -->
	<bean id="acceptorDataInputStream" class="java.io.DataInputStream"
		scope="prototype">
		<constructor-arg ref="acceptorInputStream" />
	</bean>
	<!-- End here -->

	<!-- HttpInput/HttpOutputStream -->
	<bean id="httpOutputStreamBean"
		class="com.telemune.ussdrouter.factorybean.HttpOutputStreamFactory" />
	<bean id="httpOutputStream" class="java.io.OutputStream"
		factory-bean="httpOutputStreamBean" factory-method="getOutputStream"
		scope="prototype" />
	<bean id="httpDataOutputStream" class="java.io.DataOutputStream"
		scope="prototype">
		<constructor-arg ref="httpOutputStream" />
	</bean>

	<bean id="httpInputStreamBean"
		class="com.telemune.ussdrouter.factorybean.HttpInputStreamFactory" />
	<bean id="httpInputStream" class="java.io.InputStream"
		factory-bean="httpInputStreamBean" factory-method="getInputStream"
		scope="prototype" />
	<bean id="httpDataInputStream" class="java.io.DataInputStream"
		scope="prototype">
		<constructor-arg ref="httpInputStream" />
	</bean>
	<!-- End here -->

	<!-- UssdGateway persistent connection -->

	<bean id="ussdRouterSocket" class="java.net.Socket">
		<constructor-arg value="${router.ussdGateway_Ip}" />
		<constructor-arg value="${router.ussdGateway_Port}" />
	</bean>

	<bean id="ussdRouterInputStream" class="java.io.InputStream"
		factory-bean="ussdRouterSocket" factory-method="getInputStream" />
	<bean id="ussdRouterDataInputStream" class="java.io.DataInputStream"
		scope="prototype">
		<constructor-arg ref="ussdRouterInputStream" />
	</bean>

	<bean id="ussdRouterOutputStream" class="java.io.OutputStream"
		factory-bean="ussdRouterSocket" factory-method="getOutputStream" />
	<bean id="ussdRouterDataOutputStream" class="java.io.DataOutputStream"
		scope="prototype">
		<constructor-arg ref="ussdRouterOutputStream" />
	</bean>
	<!--End here -->

	<!-- All data models and prototype beans -->
	<bean id="dataObject" class="com.telemune.ussdrouter.beans.DataObject"
		scope="prototype" />
	<bean id="ussdErrorCodeBean" class="com.telemune.ussdrouter.beans.UssdErrorCodeBean"
		scope="prototype" />
	<bean id="ussdMenuBean" class="com.telemune.ussdrouter.beans.UssdMenuBean"
		scope="prototype" />
	<bean id="ussdRatePlanBean" class="com.telemune.ussdrouter.beans.UssdRatePlanBean"
		scope="prototype" />
	<bean id="ussdServiceCodeBean" class="com.telemune.ussdrouter.beans.UssdServiceCodeBean"
		scope="prototype" />
	<bean id="ussdErrorCodeRowMapper"
		class="com.telemune.ussdrouter.rowmapper.UssdErrorCodeRowMapper"
		scope="prototype" />
	<bean id="ussdMenuRowMapper" class="com.telemune.ussdrouter.rowmapper.UssdMenuRowMapper"
		scope="prototype" />
	<bean id="ussdRatePlanRowMapper" class="com.telemune.ussdrouter.rowmapper.UssdRatePlanRowMapper"
		scope="prototype" />
	<bean id="ussdServiceCodeRowMapper"
		class="com.telemune.ussdrouter.rowmapper.UssdServiceCodeRowMapper"
		scope="prototype" />
	<bean id="dbOperations" class="com.telemune.ussdrouter.db.Dboperations"
		scope="prototype" />
	<bean id="seq" class="java.util.concurrent.atomic.AtomicInteger" />
	<bean id="ussdUtils" class="com.telemune.ussdrouter.util.UssdUtils">
		<constructor-arg ref="seq" />
	</bean>

	<bean id="ussdEncriptDecript" class="com.telemune.ussdrouter.util.EncriptDecript"
		scope="prototype" />

	<bean id="reqTime" class="java.util.Date" scope="prototype" />
	<bean id="simpleDateFormat" class="java.text.SimpleDateFormat"
		scope="prototype">
		<constructor-arg value="dd-MM-yyyy HH:mm:ss" />
	</bean>
	<!--<bean id="sendHttpRequest" class="com.telemune.ussdrouter.SendHttpRequest" 
		scope="prototype"/> -->
	<bean id="sendSmppRequest" class="com.telemune.ussdrouter.SendSmppRequest"
		scope="prototype" />
	<bean id="sendDbRequest" class="com.telemune.ussdrouter.SendDbRequest"
		scope="prototype" />
	<bean id="ussdChargingRequest" class="com.telemune.ussdrouter.UssdChargingRequest"
		scope="prototype">
		<constructor-arg ref="ussdChargingSocket" />
	</bean>


	<!-- End here -->


	<!-- UssdCharging connection/input/outputStream -->
	<bean id="ussdChargingSocket" class="java.net.Socket" scope="prototype">
		<constructor-arg value="${router.charging_Ip}" />
		<constructor-arg value="${router.charging_Port}" />
	</bean>

	<bean id="ussdChargingInputStreamBean"
		class="com.telemune.ussdrouter.factorybean.UssdChargingInputStreamFactory" />
	<bean id="ussdChargingInputStream" class="java.io.InputStream"
		factory-bean="ussdChargingInputStreamBean" factory-method="getInputStream"
		scope="prototype" />
	<bean id="ussdChargingDataInputStream" class="java.io.DataInputStream"
		scope="prototype">
		<constructor-arg ref="ussdChargingInputStream" />
	</bean>

	<bean id="ussdChargingOutputStreamBean"
		class="com.telemune.ussdrouter.factorybean.UssdChargingOutputStreamFactory" />
	<bean id="ussdChargingOutputStream" class="java.io.OutputStream"
		factory-bean="ussdChargingOutputStreamBean" factory-method="getOutputStream"
		scope="prototype" />
	<bean id="ussdChargingDataOutputStream" class="java.io.DataOutputStream"
		scope="prototype">
		<constructor-arg ref="ussdChargingOutputStream" />
	</bean>

	<!-- End here -->

	<!-- All Threads -->
	<bean id="cacheThread" class="java.lang.Thread" scope="prototype">
		<constructor-arg ref="cacheLoader" />
	</bean>

	<bean id="routerRequestReader" class="com.telemune.ussdrouter.RouterRequestReader">
		<constructor-arg ref="ussdRouterSocket" />
		<constructor-arg ref="routerReqQueue" />
		<constructor-arg ref="ussdRouterDataInputStream" />
		<constructor-arg ref="requestMap" />
		<constructor-arg ref="requestTaskExecutor" />
		<constructor-arg ref="requestRejectedTaskHandler" />
		<constructor-arg ref="httpTaskExecutor" />
		<constructor-arg ref="httpRejectedTaskHandler" />
		<constructor-arg ref="ussdEncriptDecript" />

	</bean>

	<bean id="routerRequestReaderThread" class="java.lang.Thread"
		scope="prototype">
		<constructor-arg ref="routerRequestReader" />
	</bean>




	<!-- <bean id="routerQueueReader" class="com.telemune.ussdrouter.RouterQueueReader"> 
		<constructor-arg ref="requestTaskExecutor"/> <constructor-arg ref="routerReqQueue"/> 
		<constructor-arg ref="requestRejectedTaskHandler"/> </bean> <bean id="routerQueueReaderThread" 
		class="java.lang.Thread" scope="prototype"> <constructor-arg ref="routerQueueReader"/> 
		</bean> -->

	<bean id="httpQueueReader" class="com.telemune.ussdrouter.HttpQueueReader"
		scope="prototype">
		<!--<constructor-arg ref="httpReqQueue"/> -->
		<constructor-arg ref="ussdUtils" />
		<!--<constructor-arg ref="serverSocketMap"/> -->
		<constructor-arg ref="routerResQueue" />
		<constructor-arg ref="httpTlvReqQueue" />
	</bean>




	<!--<bean id="httpQueueReaderThread" class="java.lang.Thread" scope="prototype"> 
		<constructor-arg ref="httpQueueReader"/> </bean> -->

	<bean id="sendHttpRequest" class="com.telemune.ussdrouter.SendHttpRequest">
		<constructor-arg ref="httpTlvReqQueue" />
		<constructor-arg ref="serverSocketMap" />
		<constructor-arg ref="ussdEncriptDecript" />
		<constructor-arg ref="routerResQueue" />
		<constructor-arg ref="ussdUtils" />
	</bean>

	<bean id="sendHttpRequestThread" class="java.lang.Thread" scope="prototype">
		<constructor-arg ref="sendHttpRequest" />
	</bean>


	<bean id="smppQueueReader" class="com.telemune.ussdrouter.SmppQueueReader">
		<constructor-arg ref="smppReqQueue" />
		<constructor-arg ref="ussdUtils" />
		<constructor-arg ref="serverSocketMap" />
	</bean>


	<bean id="smppQueueReaderThread" class="java.lang.Thread" scope="prototype">
		<constructor-arg ref="smppQueueReader" />
	</bean>

	<bean id="dbQueueReader" class="com.telemune.ussdrouter.DbQueueReader">
		<constructor-arg ref="dbReqQueue" />
		<constructor-arg ref="ussdUtils" />
		<constructor-arg ref="serverSocketMap" />
	</bean>


	<bean id="dbQueueReaderThread" class="java.lang.Thread" scope="prototype">
		<constructor-arg ref="dbQueueReader" />
	</bean>

	<bean id="ussdServerAcceptor" class="com.telemune.ussdrouter.RouterServerAcceptor">
		<constructor-arg ref="serverSocket" />
		<constructor-arg ref="serverSocketMap" />
	</bean>


	<bean id="serverAcceptorThread" class="java.lang.Thread" scope="prototype">
		<constructor-arg ref="ussdServerAcceptor" />
	</bean>

	<bean id="httpResponseReader" class="com.telemune.ussdrouter.HttpResponseReader">
		<constructor-arg ref="httpResQueue" />
		<constructor-arg ref="serverSocketMap" />
		<constructor-arg ref="requestMap" />
		<constructor-arg ref="httpReqQueue" />
		<constructor-arg ref="ussdUtils" />
		<constructor-arg ref="responseTaskExecutor" />
		<constructor-arg ref="responseRejectedTaskHandler" />
		<constructor-arg ref="ussdEncriptDecript" />
		<constructor-arg ref="httpTaskExecutor" />
		<constructor-arg ref="httpRejectedTaskHandler" />
	</bean>


	<bean id="httpResponseReaderThread" class="java.lang.Thread"
		scope="prototype">
		<constructor-arg ref="httpResponseReader" />
	</bean>

	<bean id="smppResponseReader" class="com.telemune.ussdrouter.SmppResponseReader">
		<constructor-arg ref="smppResQueue" />
	</bean>


	<bean id="smppResponseReaderThread" class="java.lang.Thread"
		scope="prototype">
		<constructor-arg ref="smppResponseReader" />
	</bean>


	<!-- <bean id="httpResponseQueueReader" class="com.telemune.ussdrouter.HttpResponseQueueReader"> 
		<constructor-arg ref="httpResQueue"/> <constructor-arg ref="responseTaskExecutor"/> 
		<constructor-arg ref="responseRejectedTaskHandler"/> </bean> <bean id="httpResponseQueueReaderThread" 
		class="java.lang.Thread" scope="prototype"> <constructor-arg ref="httpResponseQueueReader"/> 
		</bean> -->

	<bean id="smppResponseQueueReader" class="com.telemune.ussdrouter.SmppResponseQueueReader">
		<constructor-arg ref="smppResQueue" />
		<constructor-arg ref="responseTaskExecutor" />
	</bean>


	<bean id="smppResponseQueueReaderThread" class="java.lang.Thread"
		scope="prototype">
		<constructor-arg ref="smppResponseQueueReader" />
	</bean>


	<bean id="routerResponseSender" class="com.telemune.ussdrouter.RouterResponseSender">
		<constructor-arg ref="ussdRouterSocket" />
		<constructor-arg ref="routerResQueue" />
		<constructor-arg ref="ussdRouterDataOutputStream" />
		<constructor-arg ref="requestMap" />
		<constructor-arg ref="ussdEncriptDecript" />
	</bean>


	<bean id="routerResponseSenderThread" class="java.lang.Thread"
		scope="prototype">
		<constructor-arg ref="routerResponseSender" />
	</bean>

	<!-- cacheLoader reference created -->
	<bean id="configTps" class="com.telemune.ussdrouter.ConfigerRouterTPS"
		scope="prototype" />
	<!-- End here -->
	<bean id="routerTPSThread" class="java.lang.Thread" scope="prototype">
		<constructor-arg ref="configTps" />
	</bean>
</beans>


