<?xml version="1.0" encoding="UTF-8"?>
<!DOCTYPE beans PUBLIC "-//SPRING//DTD BEAN//EN" "http://www.springframework.org/dtd/spring-beans.dtd">
<beans>
	<bean id="dataSource" class="com.mchange.v2.c3p0.ComboPooledDataSource"
        destroy-method="close">
        <property name="driverClass" value="org.mariadb.jdbc.Driver" />
        <property name="jdbcUrl" value="jdbc:mariadb://10.100.1.21:3306/vcc" />
        <property name="user" value="vcc" />
        <property name="password" value="vcc" />
        <property name="maxPoolSize" value="3" />
        <property name="minPoolSize" value="1" />
        <property name="maxStatements" value="0" />
        <property name="maxIdleTime" value="60000" />
        <property name="testConnectionOnCheckout" value="true" />
        <!-- <property name="logWriter" value="debug" /> -->
    </bean>
</beans>