<?xml version="1.0" encoding="UTF-8"?>
<!DOCTYPE beans PUBLIC "-//SPRING//DTD BEAN//EN" "http://www.springframework.org/dtd/spring-beans.dtd">
<!-- <beans>
	<bean id="dataSource"
		class="org.apache.commons.dbcp.BasicDataSource">
		<property name="driverClassName" value="com.mysql.jdbc.Driver" />
		<property name="url" value="jdbc:mysql://10.168.1.23:3306/vcc" />
		<property name="username" value="vcc" />
		<property name="password" value="vcc" />
		<property name="maxActive" value="10" />
		<property name="maxIdle" value="5" />
		<property name="maxWait" value="1" />
	</bean>
</beans> -->
<beans>

 <bean id="dataSource" class="com.mchange.v2.c3p0.ComboPooledDataSource"
        destroy-method="close">
        <property name="driverClass" value="com.mysql.cj.jdbc.Driver" />
        <property name="jdbcUrl"
	value="jdbc:mysql://10.168.3.87:3306,10.168.3.88:3306/vcc?autoReconnectForPools=true&amp;connectTimeout=10&amp;failOverReadOnly=false&amp;secondsBeforeRetryMaster=10&amp;noAccessToProcedureBodies=true" />
        <property name="user" value="vcc" />
        <property name="password" value="vcc" />
        <property name="maxPoolSize" value="20" />
        <property name="minPoolSize" value="10" />
        <property name="maxStatements" value="0" />
        <property name="testConnectionOnCheckout" value="true" />
        <property name="logWriter" value="debug" />
    </bean>
 <!--  <bean id="dataSource" class="com.mchange.v2.c3p0.ComboPooledDataSource"
        destroy-method="close">
        <property name="driverClass" value="oracle.jdbc.driver.OracleDriver" />
        <property name="jdbcUrl" value="jdbc:oracle:thin:@10.168.2.127:1521:mastera" />
        <property name="user" value="vcc" />
        <property name="password" value="vcc" />
        <property name="maxPoolSize" value="20" />
        <property name="minPoolSize" value="10" />
        <property name="maxStatements" value="10" />
        <property name="testConnectionOnCheckout" value="true" />
        <property name="logWriter" value="debug" />
    </bean>   -->
</beans> 
 
    
    
