{"name":"springbootjwt","classpathEntries":[{"kind":"binary","path":"/home/kirti/openjdk/jre/lib/resources.jar","sourceContainerUrl":"file:/home/kirti/openjdk/src.zip","javadocContainerUrl":"https://docs.oracle.com/javase/1/docs/api/","isSystem":true,"isOwn":false,"isTest":false,"isJavaContent":false},{"kind":"binary","path":"/home/kirti/openjdk/jre/lib/rt.jar","sourceContainerUrl":"file:/home/kirti/openjdk/src.zip","javadocContainerUrl":"https://docs.oracle.com/javase/1/docs/api/","isSystem":true,"isOwn":false,"isTest":false,"isJavaContent":false},{"kind":"binary","path":"/home/kirti/openjdk/jre/lib/jsse.jar","sourceContainerUrl":"file:/home/kirti/openjdk/src.zip","javadocContainerUrl":"https://docs.oracle.com/javase/1/docs/api/","isSystem":true,"isOwn":false,"isTest":false,"isJavaContent":false},{"kind":"binary","path":"/home/kirti/openjdk/jre/lib/jce.jar","sourceContainerUrl":"file:/home/kirti/openjdk/src.zip","javadocContainerUrl":"https://docs.oracle.com/javase/1/docs/api/","isSystem":true,"isOwn":false,"isTest":false,"isJavaContent":false},{"kind":"binary","path":"/home/kirti/openjdk/jre/lib/charsets.jar","sourceContainerUrl":"file:/home/kirti/openjdk/src.zip","javadocContainerUrl":"https://docs.oracle.com/javase/1/docs/api/","isSystem":true,"isOwn":false,"isTest":false,"isJavaContent":false},{"kind":"binary","path":"/home/kirti/.m2/repository/org/springframework/boot/spring-boot-starter-jdbc/2.6.7/spring-boot-starter-jdbc-2.6.7.jar","sourceContainerUrl":"file:/home/kirti/.m2/repository/org/springframework/boot/spring-boot-starter-jdbc/2.6.7/spring-boot-starter-jdbc-2.6.7-sources.jar","javadocContainerUrl":"file:/home/kirti/.m2/repository/org/springframework/boot/spring-boot-starter-jdbc/2.6.7/spring-boot-starter-jdbc-2.6.7-javadoc.jar","isSystem":false,"isOwn":false,"isTest":false,"isJavaContent":false},{"kind":"binary","path":"/home/kirti/.m2/repository/com/zaxxer/HikariCP/4.0.3/HikariCP-4.0.3.jar","sourceContainerUrl":"file:/home/kirti/.m2/repository/com/zaxxer/HikariCP/4.0.3/HikariCP-4.0.3-sources.jar","javadocContainerUrl":"file:/home/kirti/.m2/repository/com/zaxxer/HikariCP/4.0.3/HikariCP-4.0.3-javadoc.jar","isSystem":false,"isOwn":false,"isTest":false,"isJavaContent":false},{"kind":"binary","path":"/home/kirti/.m2/repository/org/slf4j/slf4j-api/1.7.36/slf4j-api-1.7.36.jar","sourceContainerUrl":"file:/home/kirti/.m2/repository/org/slf4j/slf4j-api/1.7.36/slf4j-api-1.7.36-sources.jar","javadocContainerUrl":"file:/home/kirti/.m2/repository/org/slf4j/slf4j-api/1.7.36/slf4j-api-1.7.36-javadoc.jar","isSystem":false,"isOwn":false,"isTest":false,"isJavaContent":false},{"kind":"binary","path":"/home/kirti/.m2/repository/org/springframework/spring-jdbc/5.3.19/spring-jdbc-5.3.19.jar","sourceContainerUrl":"file:/home/kirti/.m2/repository/org/springframework/spring-jdbc/5.3.19/spring-jdbc-5.3.19-sources.jar","javadocContainerUrl":"file:/home/kirti/.m2/repository/org/springframework/spring-jdbc/5.3.19/spring-jdbc-5.3.19-javadoc.jar","isSystem":false,"isOwn":false,"isTest":false,"isJavaContent":false},{"kind":"binary","path":"/home/kirti/.m2/repository/org/springframework/spring-beans/5.3.19/spring-beans-5.3.19.jar","sourceContainerUrl":"file:/home/kirti/.m2/repository/org/springframework/spring-beans/5.3.19/spring-beans-5.3.19-sources.jar","javadocContainerUrl":"file:/home/kirti/.m2/repository/org/springframework/spring-beans/5.3.19/spring-beans-5.3.19-javadoc.jar","isSystem":false,"isOwn":false,"isTest":false,"isJavaContent":false},{"kind":"binary","path":"/home/kirti/.m2/repository/org/springframework/boot/spring-boot-starter-test/2.6.7/spring-boot-starter-test-2.6.7.jar","sourceContainerUrl":"file:/home/kirti/.m2/repository/org/springframework/boot/spring-boot-starter-test/2.6.7/spring-boot-starter-test-2.6.7-sources.jar","javadocContainerUrl":"file:/home/kirti/.m2/repository/org/springframework/boot/spring-boot-starter-test/2.6.7/spring-boot-starter-test-2.6.7-javadoc.jar","isSystem":false,"isOwn":false,"isTest":false,"isJavaContent":false},{"kind":"binary","path":"/home/kirti/.m2/repository/org/springframework/boot/spring-boot-test/2.6.7/spring-boot-test-2.6.7.jar","sourceContainerUrl":"file:/home/kirti/.m2/repository/org/springframework/boot/spring-boot-test/2.6.7/spring-boot-test-2.6.7-sources.jar","javadocContainerUrl":"file:/home/kirti/.m2/repository/org/springframework/boot/spring-boot-test/2.6.7/spring-boot-test-2.6.7-javadoc.jar","isSystem":false,"isOwn":false,"isTest":false,"isJavaContent":false},{"kind":"binary","path":"/home/kirti/.m2/repository/org/springframework/boot/spring-boot-test-autoconfigure/2.6.7/spring-boot-test-autoconfigure-2.6.7.jar","sourceContainerUrl":"file:/home/kirti/.m2/repository/org/springframework/boot/spring-boot-test-autoconfigure/2.6.7/spring-boot-test-autoconfigure-2.6.7-sources.jar","javadocContainerUrl":"file:/home/kirti/.m2/repository/org/springframework/boot/spring-boot-test-autoconfigure/2.6.7/spring-boot-test-autoconfigure-2.6.7-javadoc.jar","isSystem":false,"isOwn":false,"isTest":false,"isJavaContent":false},{"kind":"binary","path":"/home/kirti/.m2/repository/com/jayway/jsonpath/json-path/2.6.0/json-path-2.6.0.jar","sourceContainerUrl":"file:/home/kirti/.m2/repository/com/jayway/jsonpath/json-path/2.6.0/json-path-2.6.0-sources.jar","javadocContainerUrl":"file:/home/kirti/.m2/repository/com/jayway/jsonpath/json-path/2.6.0/json-path-2.6.0-javadoc.jar","isSystem":false,"isOwn":false,"isTest":false,"isJavaContent":false},{"kind":"binary","path":"/home/kirti/.m2/repository/net/minidev/json-smart/2.4.8/json-smart-2.4.8.jar","sourceContainerUrl":"file:/home/kirti/.m2/repository/net/minidev/json-smart/2.4.8/json-smart-2.4.8-sources.jar","javadocContainerUrl":"file:/home/kirti/.m2/repository/net/minidev/json-smart/2.4.8/json-smart-2.4.8-javadoc.jar","isSystem":false,"isOwn":false,"isTest":false,"isJavaContent":false},{"kind":"binary","path":"/home/kirti/.m2/repository/net/minidev/accessors-smart/2.4.8/accessors-smart-2.4.8.jar","sourceContainerUrl":"file:/home/kirti/.m2/repository/net/minidev/accessors-smart/2.4.8/accessors-smart-2.4.8-sources.jar","javadocContainerUrl":"file:/home/kirti/.m2/repository/net/minidev/accessors-smart/2.4.8/accessors-smart-2.4.8-javadoc.jar","isSystem":false,"isOwn":false,"isTest":false,"isJavaContent":false},{"kind":"binary","path":"/home/kirti/.m2/repository/org/ow2/asm/asm/9.1/asm-9.1.jar","sourceContainerUrl":"file:/home/kirti/.m2/repository/org/ow2/asm/asm/9.1/asm-9.1-sources.jar","javadocContainerUrl":"file:/home/kirti/.m2/repository/org/ow2/asm/asm/9.1/asm-9.1-javadoc.jar","isSystem":false,"isOwn":false,"isTest":false,"isJavaContent":false},{"kind":"binary","path":"/home/kirti/.m2/repository/jakarta/xml/bind/jakarta.xml.bind-api/2.3.3/jakarta.xml.bind-api-2.3.3.jar","sourceContainerUrl":"file:/home/kirti/.m2/repository/jakarta/xml/bind/jakarta.xml.bind-api/2.3.3/jakarta.xml.bind-api-2.3.3-sources.jar","javadocContainerUrl":"file:/home/kirti/.m2/repository/jakarta/xml/bind/jakarta.xml.bind-api/2.3.3/jakarta.xml.bind-api-2.3.3-javadoc.jar","isSystem":false,"isOwn":false,"isTest":false,"isJavaContent":false},{"kind":"binary","path":"/home/kirti/.m2/repository/jakarta/activation/jakarta.activation-api/1.2.2/jakarta.activation-api-1.2.2.jar","sourceContainerUrl":"file:/home/kirti/.m2/repository/jakarta/activation/jakarta.activation-api/1.2.2/jakarta.activation-api-1.2.2-sources.jar","javadocContainerUrl":"file:/home/kirti/.m2/repository/jakarta/activation/jakarta.activation-api/1.2.2/jakarta.activation-api-1.2.2-javadoc.jar","isSystem":false,"isOwn":false,"isTest":false,"isJavaContent":false},{"kind":"binary","path":"/home/kirti/.m2/repository/org/assertj/assertj-core/3.21.0/assertj-core-3.21.0.jar","sourceContainerUrl":"file:/home/kirti/.m2/repository/org/assertj/assertj-core/3.21.0/assertj-core-3.21.0-sources.jar","javadocContainerUrl":"file:/home/kirti/.m2/repository/org/assertj/assertj-core/3.21.0/assertj-core-3.21.0-javadoc.jar","isSystem":false,"isOwn":false,"isTest":false,"isJavaContent":false},{"kind":"binary","path":"/home/kirti/.m2/repository/org/hamcrest/hamcrest/2.2/hamcrest-2.2.jar","sourceContainerUrl":"file:/home/kirti/.m2/repository/org/hamcrest/hamcrest/2.2/hamcrest-2.2-sources.jar","javadocContainerUrl":"file:/home/kirti/.m2/repository/org/hamcrest/hamcrest/2.2/hamcrest-2.2-javadoc.jar","isSystem":false,"isOwn":false,"isTest":false,"isJavaContent":false},{"kind":"binary","path":"/home/kirti/.m2/repository/org/junit/jupiter/junit-jupiter/5.8.2/junit-jupiter-5.8.2.jar","sourceContainerUrl":"file:/home/kirti/.m2/repository/org/junit/jupiter/junit-jupiter/5.8.2/junit-jupiter-5.8.2-sources.jar","javadocContainerUrl":"file:/home/kirti/.m2/repository/org/junit/jupiter/junit-jupiter/5.8.2/junit-jupiter-5.8.2-javadoc.jar","isSystem":false,"isOwn":false,"isTest":false,"isJavaContent":false},{"kind":"binary","path":"/home/kirti/.m2/repository/org/junit/jupiter/junit-jupiter-api/5.8.2/junit-jupiter-api-5.8.2.jar","sourceContainerUrl":"file:/home/kirti/.m2/repository/org/junit/jupiter/junit-jupiter-api/5.8.2/junit-jupiter-api-5.8.2-sources.jar","javadocContainerUrl":"file:/home/kirti/.m2/repository/org/junit/jupiter/junit-jupiter-api/5.8.2/junit-jupiter-api-5.8.2-javadoc.jar","isSystem":false,"isOwn":false,"isTest":false,"isJavaContent":false},{"kind":"binary","path":"/home/kirti/.m2/repository/org/opentest4j/opentest4j/1.2.0/opentest4j-1.2.0.jar","sourceContainerUrl":"file:/home/kirti/.m2/repository/org/opentest4j/opentest4j/1.2.0/opentest4j-1.2.0-sources.jar","javadocContainerUrl":"file:/home/kirti/.m2/repository/org/opentest4j/opentest4j/1.2.0/opentest4j-1.2.0-javadoc.jar","isSystem":false,"isOwn":false,"isTest":false,"isJavaContent":false},{"kind":"binary","path":"/home/kirti/.m2/repository/org/junit/platform/junit-platform-commons/1.8.2/junit-platform-commons-1.8.2.jar","sourceContainerUrl":"file:/home/kirti/.m2/repository/org/junit/platform/junit-platform-commons/1.8.2/junit-platform-commons-1.8.2-sources.jar","javadocContainerUrl":"file:/home/kirti/.m2/repository/org/junit/platform/junit-platform-commons/1.8.2/junit-platform-commons-1.8.2-javadoc.jar","isSystem":false,"isOwn":false,"isTest":false,"isJavaContent":false},{"kind":"binary","path":"/home/kirti/.m2/repository/org/apiguardian/apiguardian-api/1.1.2/apiguardian-api-1.1.2.jar","sourceContainerUrl":"file:/home/kirti/.m2/repository/org/apiguardian/apiguardian-api/1.1.2/apiguardian-api-1.1.2-sources.jar","javadocContainerUrl":"file:/home/kirti/.m2/repository/org/apiguardian/apiguardian-api/1.1.2/apiguardian-api-1.1.2-javadoc.jar","isSystem":false,"isOwn":false,"isTest":false,"isJavaContent":false},{"kind":"binary","path":"/home/kirti/.m2/repository/org/junit/jupiter/junit-jupiter-params/5.8.2/junit-jupiter-params-5.8.2.jar","sourceContainerUrl":"file:/home/kirti/.m2/repository/org/junit/jupiter/junit-jupiter-params/5.8.2/junit-jupiter-params-5.8.2-sources.jar","javadocContainerUrl":"file:/home/kirti/.m2/repository/org/junit/jupiter/junit-jupiter-params/5.8.2/junit-jupiter-params-5.8.2-javadoc.jar","isSystem":false,"isOwn":false,"isTest":false,"isJavaContent":false},{"kind":"binary","path":"/home/kirti/.m2/repository/org/junit/jupiter/junit-jupiter-engine/5.8.2/junit-jupiter-engine-5.8.2.jar","sourceContainerUrl":"file:/home/kirti/.m2/repository/org/junit/jupiter/junit-jupiter-engine/5.8.2/junit-jupiter-engine-5.8.2-sources.jar","javadocContainerUrl":"file:/home/kirti/.m2/repository/org/junit/jupiter/junit-jupiter-engine/5.8.2/junit-jupiter-engine-5.8.2-javadoc.jar","isSystem":false,"isOwn":false,"isTest":false,"isJavaContent":false},{"kind":"binary","path":"/home/kirti/.m2/repository/org/junit/platform/junit-platform-engine/1.8.2/junit-platform-engine-1.8.2.jar","sourceContainerUrl":"file:/home/kirti/.m2/repository/org/junit/platform/junit-platform-engine/1.8.2/junit-platform-engine-1.8.2-sources.jar","javadocContainerUrl":"file:/home/kirti/.m2/repository/org/junit/platform/junit-platform-engine/1.8.2/junit-platform-engine-1.8.2-javadoc.jar","isSystem":false,"isOwn":false,"isTest":false,"isJavaContent":false},{"kind":"binary","path":"/home/kirti/.m2/repository/org/mockito/mockito-core/4.0.0/mockito-core-4.0.0.jar","sourceContainerUrl":"file:/home/kirti/.m2/repository/org/mockito/mockito-core/4.0.0/mockito-core-4.0.0-sources.jar","javadocContainerUrl":"file:/home/kirti/.m2/repository/org/mockito/mockito-core/4.0.0/mockito-core-4.0.0-javadoc.jar","isSystem":false,"isOwn":false,"isTest":false,"isJavaContent":false},{"kind":"binary","path":"/home/kirti/.m2/repository/net/bytebuddy/byte-buddy/1.11.22/byte-buddy-1.11.22.jar","sourceContainerUrl":"file:/home/kirti/.m2/repository/net/bytebuddy/byte-buddy/1.11.22/byte-buddy-1.11.22-sources.jar","javadocContainerUrl":"file:/home/kirti/.m2/repository/net/bytebuddy/byte-buddy/1.11.22/byte-buddy-1.11.22-javadoc.jar","isSystem":false,"isOwn":false,"isTest":false,"isJavaContent":false},{"kind":"binary","path":"/home/kirti/.m2/repository/net/bytebuddy/byte-buddy-agent/1.11.22/byte-buddy-agent-1.11.22.jar","sourceContainerUrl":"file:/home/kirti/.m2/repository/net/bytebuddy/byte-buddy-agent/1.11.22/byte-buddy-agent-1.11.22-sources.jar","javadocContainerUrl":"file:/home/kirti/.m2/repository/net/bytebuddy/byte-buddy-agent/1.11.22/byte-buddy-agent-1.11.22-javadoc.jar","isSystem":false,"isOwn":false,"isTest":false,"isJavaContent":false},{"kind":"binary","path":"/home/kirti/.m2/repository/org/objenesis/objenesis/3.2/objenesis-3.2.jar","sourceContainerUrl":"file:/home/kirti/.m2/repository/org/objenesis/objenesis/3.2/objenesis-3.2-sources.jar","javadocContainerUrl":"file:/home/kirti/.m2/repository/org/objenesis/objenesis/3.2/objenesis-3.2-javadoc.jar","isSystem":false,"isOwn":false,"isTest":false,"isJavaContent":false},{"kind":"binary","path":"/home/kirti/.m2/repository/org/mockito/mockito-junit-jupiter/4.0.0/mockito-junit-jupiter-4.0.0.jar","sourceContainerUrl":"file:/home/kirti/.m2/repository/org/mockito/mockito-junit-jupiter/4.0.0/mockito-junit-jupiter-4.0.0-sources.jar","javadocContainerUrl":"file:/home/kirti/.m2/repository/org/mockito/mockito-junit-jupiter/4.0.0/mockito-junit-jupiter-4.0.0-javadoc.jar","isSystem":false,"isOwn":false,"isTest":false,"isJavaContent":false},{"kind":"binary","path":"/home/kirti/.m2/repository/org/skyscreamer/jsonassert/1.5.0/jsonassert-1.5.0.jar","sourceContainerUrl":"file:/home/kirti/.m2/repository/org/skyscreamer/jsonassert/1.5.0/jsonassert-1.5.0-sources.jar","javadocContainerUrl":"file:/home/kirti/.m2/repository/org/skyscreamer/jsonassert/1.5.0/jsonassert-1.5.0-javadoc.jar","isSystem":false,"isOwn":false,"isTest":false,"isJavaContent":false},{"kind":"binary","path":"/home/kirti/.m2/repository/com/vaadin/external/google/android-json/0.0.20131108.vaadin1/android-json-0.0.20131108.vaadin1.jar","sourceContainerUrl":"file:/home/kirti/.m2/repository/com/vaadin/external/google/android-json/0.0.20131108.vaadin1/android-json-0.0.20131108.vaadin1-sources.jar","javadocContainerUrl":"file:/home/kirti/.m2/repository/com/vaadin/external/google/android-json/0.0.20131108.vaadin1/android-json-0.0.20131108.vaadin1-javadoc.jar","isSystem":false,"isOwn":false,"isTest":false,"isJavaContent":false},{"kind":"binary","path":"/home/kirti/.m2/repository/org/springframework/spring-core/5.3.19/spring-core-5.3.19.jar","sourceContainerUrl":"file:/home/kirti/.m2/repository/org/springframework/spring-core/5.3.19/spring-core-5.3.19-sources.jar","javadocContainerUrl":"file:/home/kirti/.m2/repository/org/springframework/spring-core/5.3.19/spring-core-5.3.19-javadoc.jar","isSystem":false,"isOwn":false,"isTest":false,"isJavaContent":false},{"kind":"binary","path":"/home/kirti/.m2/repository/org/springframework/spring-jcl/5.3.19/spring-jcl-5.3.19.jar","sourceContainerUrl":"file:/home/kirti/.m2/repository/org/springframework/spring-jcl/5.3.19/spring-jcl-5.3.19-sources.jar","javadocContainerUrl":"file:/home/kirti/.m2/repository/org/springframework/spring-jcl/5.3.19/spring-jcl-5.3.19-javadoc.jar","isSystem":false,"isOwn":false,"isTest":false,"isJavaContent":false},{"kind":"binary","path":"/home/kirti/.m2/repository/org/springframework/spring-test/5.3.19/spring-test-5.3.19.jar","sourceContainerUrl":"file:/home/kirti/.m2/repository/org/springframework/spring-test/5.3.19/spring-test-5.3.19-sources.jar","javadocContainerUrl":"file:/home/kirti/.m2/repository/org/springframework/spring-test/5.3.19/spring-test-5.3.19-javadoc.jar","isSystem":false,"isOwn":false,"isTest":false,"isJavaContent":false},{"kind":"binary","path":"/home/kirti/.m2/repository/org/xmlunit/xmlunit-core/2.8.4/xmlunit-core-2.8.4.jar","sourceContainerUrl":"file:/home/kirti/.m2/repository/org/xmlunit/xmlunit-core/2.8.4/xmlunit-core-2.8.4-sources.jar","javadocContainerUrl":"file:/home/kirti/.m2/repository/org/xmlunit/xmlunit-core/2.8.4/xmlunit-core-2.8.4-javadoc.jar","isSystem":false,"isOwn":false,"isTest":false,"isJavaContent":false},{"kind":"binary","path":"/home/kirti/.m2/repository/org/springframework/boot/spring-boot-starter/2.6.7/spring-boot-starter-2.6.7.jar","sourceContainerUrl":"file:/home/kirti/.m2/repository/org/springframework/boot/spring-boot-starter/2.6.7/spring-boot-starter-2.6.7-sources.jar","javadocContainerUrl":"file:/home/kirti/.m2/repository/org/springframework/boot/spring-boot-starter/2.6.7/spring-boot-starter-2.6.7-javadoc.jar","isSystem":false,"isOwn":false,"isTest":false,"isJavaContent":false},{"kind":"binary","path":"/home/kirti/.m2/repository/org/springframework/boot/spring-boot/2.6.7/spring-boot-2.6.7.jar","sourceContainerUrl":"file:/home/kirti/.m2/repository/org/springframework/boot/spring-boot/2.6.7/spring-boot-2.6.7-sources.jar","javadocContainerUrl":"file:/home/kirti/.m2/repository/org/springframework/boot/spring-boot/2.6.7/spring-boot-2.6.7-javadoc.jar","isSystem":false,"isOwn":false,"isTest":false,"isJavaContent":false},{"kind":"binary","path":"/home/kirti/.m2/repository/org/springframework/boot/spring-boot-autoconfigure/2.6.7/spring-boot-autoconfigure-2.6.7.jar","sourceContainerUrl":"file:/home/kirti/.m2/repository/org/springframework/boot/spring-boot-autoconfigure/2.6.7/spring-boot-autoconfigure-2.6.7-sources.jar","javadocContainerUrl":"file:/home/kirti/.m2/repository/org/springframework/boot/spring-boot-autoconfigure/2.6.7/spring-boot-autoconfigure-2.6.7-javadoc.jar","isSystem":false,"isOwn":false,"isTest":false,"isJavaContent":false},{"kind":"binary","path":"/home/kirti/.m2/repository/jakarta/annotation/jakarta.annotation-api/1.3.5/jakarta.annotation-api-1.3.5.jar","sourceContainerUrl":"file:/home/kirti/.m2/repository/jakarta/annotation/jakarta.annotation-api/1.3.5/jakarta.annotation-api-1.3.5-sources.jar","javadocContainerUrl":"file:/home/kirti/.m2/repository/jakarta/annotation/jakarta.annotation-api/1.3.5/jakarta.annotation-api-1.3.5-javadoc.jar","isSystem":false,"isOwn":false,"isTest":false,"isJavaContent":false},{"kind":"binary","path":"/home/kirti/.m2/repository/org/yaml/snakeyaml/1.29/snakeyaml-1.29.jar","sourceContainerUrl":"file:/home/kirti/.m2/repository/org/yaml/snakeyaml/1.29/snakeyaml-1.29-sources.jar","javadocContainerUrl":"file:/home/kirti/.m2/repository/org/yaml/snakeyaml/1.29/snakeyaml-1.29-javadoc.jar","isSystem":false,"isOwn":false,"isTest":false,"isJavaContent":false},{"kind":"binary","path":"/home/kirti/.m2/repository/org/springframework/boot/spring-boot-starter-log4j2/2.6.7/spring-boot-starter-log4j2-2.6.7.jar","sourceContainerUrl":"file:/home/kirti/.m2/repository/org/springframework/boot/spring-boot-starter-log4j2/2.6.7/spring-boot-starter-log4j2-2.6.7-sources.jar","javadocContainerUrl":"file:/home/kirti/.m2/repository/org/springframework/boot/spring-boot-starter-log4j2/2.6.7/spring-boot-starter-log4j2-2.6.7-javadoc.jar","isSystem":false,"isOwn":false,"isTest":false,"isJavaContent":false},{"kind":"binary","path":"/home/kirti/.m2/repository/org/apache/logging/log4j/log4j-slf4j-impl/2.17.2/log4j-slf4j-impl-2.17.2.jar","sourceContainerUrl":"file:/home/kirti/.m2/repository/org/apache/logging/log4j/log4j-slf4j-impl/2.17.2/log4j-slf4j-impl-2.17.2-sources.jar","javadocContainerUrl":"file:/home/kirti/.m2/repository/org/apache/logging/log4j/log4j-slf4j-impl/2.17.2/log4j-slf4j-impl-2.17.2-javadoc.jar","isSystem":false,"isOwn":false,"isTest":false,"isJavaContent":false},{"kind":"binary","path":"/home/kirti/.m2/repository/org/apache/logging/log4j/log4j-api/2.17.2/log4j-api-2.17.2.jar","sourceContainerUrl":"file:/home/kirti/.m2/repository/org/apache/logging/log4j/log4j-api/2.17.2/log4j-api-2.17.2-sources.jar","javadocContainerUrl":"file:/home/kirti/.m2/repository/org/apache/logging/log4j/log4j-api/2.17.2/log4j-api-2.17.2-javadoc.jar","isSystem":false,"isOwn":false,"isTest":false,"isJavaContent":false},{"kind":"binary","path":"/home/kirti/.m2/repository/org/apache/logging/log4j/log4j-core/2.17.2/log4j-core-2.17.2.jar","sourceContainerUrl":"file:/home/kirti/.m2/repository/org/apache/logging/log4j/log4j-core/2.17.2/log4j-core-2.17.2-sources.jar","javadocContainerUrl":"file:/home/kirti/.m2/repository/org/apache/logging/log4j/log4j-core/2.17.2/log4j-core-2.17.2-javadoc.jar","isSystem":false,"isOwn":false,"isTest":false,"isJavaContent":false},{"kind":"binary","path":"/home/kirti/.m2/repository/org/apache/logging/log4j/log4j-jul/2.17.2/log4j-jul-2.17.2.jar","sourceContainerUrl":"file:/home/kirti/.m2/repository/org/apache/logging/log4j/log4j-jul/2.17.2/log4j-jul-2.17.2-sources.jar","javadocContainerUrl":"file:/home/kirti/.m2/repository/org/apache/logging/log4j/log4j-jul/2.17.2/log4j-jul-2.17.2-javadoc.jar","isSystem":false,"isOwn":false,"isTest":false,"isJavaContent":false},{"kind":"binary","path":"/home/kirti/.m2/repository/org/slf4j/jul-to-slf4j/1.7.36/jul-to-slf4j-1.7.36.jar","sourceContainerUrl":"file:/home/kirti/.m2/repository/org/slf4j/jul-to-slf4j/1.7.36/jul-to-slf4j-1.7.36-sources.jar","javadocContainerUrl":"file:/home/kirti/.m2/repository/org/slf4j/jul-to-slf4j/1.7.36/jul-to-slf4j-1.7.36-javadoc.jar","isSystem":false,"isOwn":false,"isTest":false,"isJavaContent":false},{"kind":"binary","path":"/home/kirti/.m2/repository/com/fasterxml/jackson/core/jackson-databind/2.13.1/jackson-databind-2.13.1.jar","sourceContainerUrl":"file:/home/kirti/.m2/repository/com/fasterxml/jackson/core/jackson-databind/2.13.1/jackson-databind-2.13.1-sources.jar","javadocContainerUrl":"file:/home/kirti/.m2/repository/com/fasterxml/jackson/core/jackson-databind/2.13.1/jackson-databind-2.13.1-javadoc.jar","isSystem":false,"isOwn":false,"isTest":false,"isJavaContent":false},{"kind":"binary","path":"/home/kirti/.m2/repository/com/fasterxml/jackson/core/jackson-annotations/2.13.2/jackson-annotations-2.13.2.jar","sourceContainerUrl":"file:/home/kirti/.m2/repository/com/fasterxml/jackson/core/jackson-annotations/2.13.2/jackson-annotations-2.13.2-sources.jar","javadocContainerUrl":"file:/home/kirti/.m2/repository/com/fasterxml/jackson/core/jackson-annotations/2.13.2/jackson-annotations-2.13.2-javadoc.jar","isSystem":false,"isOwn":false,"isTest":false,"isJavaContent":false},{"kind":"binary","path":"/home/kirti/.m2/repository/com/fasterxml/jackson/core/jackson-core/2.13.2/jackson-core-2.13.2.jar","sourceContainerUrl":"file:/home/kirti/.m2/repository/com/fasterxml/jackson/core/jackson-core/2.13.2/jackson-core-2.13.2-sources.jar","javadocContainerUrl":"file:/home/kirti/.m2/repository/com/fasterxml/jackson/core/jackson-core/2.13.2/jackson-core-2.13.2-javadoc.jar","isSystem":false,"isOwn":false,"isTest":false,"isJavaContent":false},{"kind":"binary","path":"/home/kirti/.m2/repository/org/springframework/boot/spring-boot-starter-validation/2.6.7/spring-boot-starter-validation-2.6.7.jar","sourceContainerUrl":"file:/home/kirti/.m2/repository/org/springframework/boot/spring-boot-starter-validation/2.6.7/spring-boot-starter-validation-2.6.7-sources.jar","javadocContainerUrl":"file:/home/kirti/.m2/repository/org/springframework/boot/spring-boot-starter-validation/2.6.7/spring-boot-starter-validation-2.6.7-javadoc.jar","isSystem":false,"isOwn":false,"isTest":false,"isJavaContent":false},{"kind":"binary","path":"/home/kirti/.m2/repository/org/apache/tomcat/embed/tomcat-embed-el/9.0.62/tomcat-embed-el-9.0.62.jar","sourceContainerUrl":"file:/home/kirti/.m2/repository/org/apache/tomcat/embed/tomcat-embed-el/9.0.62/tomcat-embed-el-9.0.62-sources.jar","isSystem":false,"isOwn":false,"isTest":false,"isJavaContent":false},{"kind":"binary","path":"/home/kirti/.m2/repository/org/hibernate/validator/hibernate-validator/6.2.3.Final/hibernate-validator-6.2.3.Final.jar","sourceContainerUrl":"file:/home/kirti/.m2/repository/org/hibernate/validator/hibernate-validator/6.2.3.Final/hibernate-validator-6.2.3.Final-sources.jar","isSystem":false,"isOwn":false,"isTest":false,"isJavaContent":false},{"kind":"binary","path":"/home/kirti/.m2/repository/jakarta/validation/jakarta.validation-api/2.0.2/jakarta.validation-api-2.0.2.jar","sourceContainerUrl":"file:/home/kirti/.m2/repository/jakarta/validation/jakarta.validation-api/2.0.2/jakarta.validation-api-2.0.2-sources.jar","javadocContainerUrl":"file:/home/kirti/.m2/repository/jakarta/validation/jakarta.validation-api/2.0.2/jakarta.validation-api-2.0.2-javadoc.jar","isSystem":false,"isOwn":false,"isTest":false,"isJavaContent":false},{"kind":"binary","path":"/home/kirti/.m2/repository/org/jboss/logging/jboss-logging/3.4.3.Final/jboss-logging-3.4.3.Final.jar","sourceContainerUrl":"file:/home/kirti/.m2/repository/org/jboss/logging/jboss-logging/3.4.3.Final/jboss-logging-3.4.3.Final-sources.jar","javadocContainerUrl":"file:/home/kirti/.m2/repository/org/jboss/logging/jboss-logging/3.4.3.Final/jboss-logging-3.4.3.Final-javadoc.jar","isSystem":false,"isOwn":false,"isTest":false,"isJavaContent":false},{"kind":"binary","path":"/home/kirti/.m2/repository/com/fasterxml/classmate/1.5.1/classmate-1.5.1.jar","sourceContainerUrl":"file:/home/kirti/.m2/repository/com/fasterxml/classmate/1.5.1/classmate-1.5.1-sources.jar","javadocContainerUrl":"file:/home/kirti/.m2/repository/com/fasterxml/classmate/1.5.1/classmate-1.5.1-javadoc.jar","isSystem":false,"isOwn":false,"isTest":false,"isJavaContent":false},{"kind":"binary","path":"/home/kirti/.m2/repository/org/springframework/boot/spring-boot-starter-cache/2.6.7/spring-boot-starter-cache-2.6.7.jar","sourceContainerUrl":"file:/home/kirti/.m2/repository/org/springframework/boot/spring-boot-starter-cache/2.6.7/spring-boot-starter-cache-2.6.7-sources.jar","javadocContainerUrl":"file:/home/kirti/.m2/repository/org/springframework/boot/spring-boot-starter-cache/2.6.7/spring-boot-starter-cache-2.6.7-javadoc.jar","isSystem":false,"isOwn":false,"isTest":false,"isJavaContent":false},{"kind":"binary","path":"/home/kirti/.m2/repository/org/springframework/spring-context-support/5.3.19/spring-context-support-5.3.19.jar","sourceContainerUrl":"file:/home/kirti/.m2/repository/org/springframework/spring-context-support/5.3.19/spring-context-support-5.3.19-sources.jar","javadocContainerUrl":"file:/home/kirti/.m2/repository/org/springframework/spring-context-support/5.3.19/spring-context-support-5.3.19-javadoc.jar","isSystem":false,"isOwn":false,"isTest":false,"isJavaContent":false},{"kind":"binary","path":"/home/kirti/.m2/repository/org/springframework/boot/spring-boot-starter-data-jpa/2.6.7/spring-boot-starter-data-jpa-2.6.7.jar","sourceContainerUrl":"file:/home/kirti/.m2/repository/org/springframework/boot/spring-boot-starter-data-jpa/2.6.7/spring-boot-starter-data-jpa-2.6.7-sources.jar","javadocContainerUrl":"file:/home/kirti/.m2/repository/org/springframework/boot/spring-boot-starter-data-jpa/2.6.7/spring-boot-starter-data-jpa-2.6.7-javadoc.jar","isSystem":false,"isOwn":false,"isTest":false,"isJavaContent":false},{"kind":"binary","path":"/home/kirti/.m2/repository/org/springframework/boot/spring-boot-starter-aop/2.6.7/spring-boot-starter-aop-2.6.7.jar","sourceContainerUrl":"file:/home/kirti/.m2/repository/org/springframework/boot/spring-boot-starter-aop/2.6.7/spring-boot-starter-aop-2.6.7-sources.jar","javadocContainerUrl":"file:/home/kirti/.m2/repository/org/springframework/boot/spring-boot-starter-aop/2.6.7/spring-boot-starter-aop-2.6.7-javadoc.jar","isSystem":false,"isOwn":false,"isTest":false,"isJavaContent":false},{"kind":"binary","path":"/home/kirti/.m2/repository/org/springframework/spring-aop/5.3.19/spring-aop-5.3.19.jar","sourceContainerUrl":"file:/home/kirti/.m2/repository/org/springframework/spring-aop/5.3.19/spring-aop-5.3.19-sources.jar","javadocContainerUrl":"file:/home/kirti/.m2/repository/org/springframework/spring-aop/5.3.19/spring-aop-5.3.19-javadoc.jar","isSystem":false,"isOwn":false,"isTest":false,"isJavaContent":false},{"kind":"binary","path":"/home/kirti/.m2/repository/org/aspectj/aspectjweaver/1.9.7/aspectjweaver-1.9.7.jar","sourceContainerUrl":"file:/home/kirti/.m2/repository/org/aspectj/aspectjweaver/1.9.7/aspectjweaver-1.9.7-sources.jar","javadocContainerUrl":"file:/home/kirti/.m2/repository/org/aspectj/aspectjweaver/1.9.7/aspectjweaver-1.9.7-javadoc.jar","isSystem":false,"isOwn":false,"isTest":false,"isJavaContent":false},{"kind":"binary","path":"/home/kirti/.m2/repository/jakarta/transaction/jakarta.transaction-api/1.3.3/jakarta.transaction-api-1.3.3.jar","sourceContainerUrl":"file:/home/kirti/.m2/repository/jakarta/transaction/jakarta.transaction-api/1.3.3/jakarta.transaction-api-1.3.3-sources.jar","javadocContainerUrl":"file:/home/kirti/.m2/repository/jakarta/transaction/jakarta.transaction-api/1.3.3/jakarta.transaction-api-1.3.3-javadoc.jar","isSystem":false,"isOwn":false,"isTest":false,"isJavaContent":false},{"kind":"binary","path":"/home/kirti/.m2/repository/jakarta/persistence/jakarta.persistence-api/2.2.3/jakarta.persistence-api-2.2.3.jar","sourceContainerUrl":"file:/home/kirti/.m2/repository/jakarta/persistence/jakarta.persistence-api/2.2.3/jakarta.persistence-api-2.2.3-sources.jar","javadocContainerUrl":"file:/home/kirti/.m2/repository/jakarta/persistence/jakarta.persistence-api/2.2.3/jakarta.persistence-api-2.2.3-javadoc.jar","isSystem":false,"isOwn":false,"isTest":false,"isJavaContent":false},{"kind":"binary","path":"/home/kirti/.m2/repository/org/hibernate/hibernate-core/5.6.8.Final/hibernate-core-5.6.8.Final.jar","sourceContainerUrl":"file:/home/kirti/.m2/repository/org/hibernate/hibernate-core/5.6.8.Final/hibernate-core-5.6.8.Final-sources.jar","javadocContainerUrl":"file:/home/kirti/.m2/repository/org/hibernate/hibernate-core/5.6.8.Final/hibernate-core-5.6.8.Final-javadoc.jar","isSystem":false,"isOwn":false,"isTest":false,"isJavaContent":false},{"kind":"binary","path":"/home/kirti/.m2/repository/antlr/antlr/2.7.7/antlr-2.7.7.jar","isSystem":false,"isOwn":false,"isTest":false,"isJavaContent":false},{"kind":"binary","path":"/home/kirti/.m2/repository/org/jboss/jandex/2.4.2.Final/jandex-2.4.2.Final.jar","sourceContainerUrl":"file:/home/kirti/.m2/repository/org/jboss/jandex/2.4.2.Final/jandex-2.4.2.Final-sources.jar","isSystem":false,"isOwn":false,"isTest":false,"isJavaContent":false},{"kind":"binary","path":"/home/kirti/.m2/repository/org/hibernate/common/hibernate-commons-annotations/5.1.2.Final/hibernate-commons-annotations-5.1.2.Final.jar","sourceContainerUrl":"file:/home/kirti/.m2/repository/org/hibernate/common/hibernate-commons-annotations/5.1.2.Final/hibernate-commons-annotations-5.1.2.Final-sources.jar","isSystem":false,"isOwn":false,"isTest":false,"isJavaContent":false},{"kind":"binary","path":"/home/kirti/.m2/repository/org/glassfish/jaxb/jaxb-runtime/2.3.6/jaxb-runtime-2.3.6.jar","sourceContainerUrl":"file:/home/kirti/.m2/repository/org/glassfish/jaxb/jaxb-runtime/2.3.6/jaxb-runtime-2.3.6-sources.jar","javadocContainerUrl":"file:/home/kirti/.m2/repository/org/glassfish/jaxb/jaxb-runtime/2.3.6/jaxb-runtime-2.3.6-javadoc.jar","isSystem":false,"isOwn":false,"isTest":false,"isJavaContent":false},{"kind":"binary","path":"/home/kirti/.m2/repository/org/glassfish/jaxb/txw2/2.3.6/txw2-2.3.6.jar","sourceContainerUrl":"file:/home/kirti/.m2/repository/org/glassfish/jaxb/txw2/2.3.6/txw2-2.3.6-sources.jar","javadocContainerUrl":"file:/home/kirti/.m2/repository/org/glassfish/jaxb/txw2/2.3.6/txw2-2.3.6-javadoc.jar","isSystem":false,"isOwn":false,"isTest":false,"isJavaContent":false},{"kind":"binary","path":"/home/kirti/.m2/repository/com/sun/istack/istack-commons-runtime/3.0.12/istack-commons-runtime-3.0.12.jar","sourceContainerUrl":"file:/home/kirti/.m2/repository/com/sun/istack/istack-commons-runtime/3.0.12/istack-commons-runtime-3.0.12-sources.jar","javadocContainerUrl":"file:/home/kirti/.m2/repository/com/sun/istack/istack-commons-runtime/3.0.12/istack-commons-runtime-3.0.12-javadoc.jar","isSystem":false,"isOwn":false,"isTest":false,"isJavaContent":false},{"kind":"binary","path":"/home/kirti/.m2/repository/com/sun/activation/jakarta.activation/1.2.2/jakarta.activation-1.2.2.jar","sourceContainerUrl":"file:/home/kirti/.m2/repository/com/sun/activation/jakarta.activation/1.2.2/jakarta.activation-1.2.2-sources.jar","javadocContainerUrl":"file:/home/kirti/.m2/repository/com/sun/activation/jakarta.activation/1.2.2/jakarta.activation-1.2.2-javadoc.jar","isSystem":false,"isOwn":false,"isTest":false,"isJavaContent":false},{"kind":"binary","path":"/home/kirti/.m2/repository/org/springframework/data/spring-data-jpa/2.6.4/spring-data-jpa-2.6.4.jar","sourceContainerUrl":"file:/home/kirti/.m2/repository/org/springframework/data/spring-data-jpa/2.6.4/spring-data-jpa-2.6.4-sources.jar","javadocContainerUrl":"file:/home/kirti/.m2/repository/org/springframework/data/spring-data-jpa/2.6.4/spring-data-jpa-2.6.4-javadoc.jar","isSystem":false,"isOwn":false,"isTest":false,"isJavaContent":false},{"kind":"binary","path":"/home/kirti/.m2/repository/org/springframework/data/spring-data-commons/2.6.4/spring-data-commons-2.6.4.jar","sourceContainerUrl":"file:/home/kirti/.m2/repository/org/springframework/data/spring-data-commons/2.6.4/spring-data-commons-2.6.4-sources.jar","javadocContainerUrl":"file:/home/kirti/.m2/repository/org/springframework/data/spring-data-commons/2.6.4/spring-data-commons-2.6.4-javadoc.jar","isSystem":false,"isOwn":false,"isTest":false,"isJavaContent":false},{"kind":"binary","path":"/home/kirti/.m2/repository/org/springframework/spring-orm/5.3.19/spring-orm-5.3.19.jar","sourceContainerUrl":"file:/home/kirti/.m2/repository/org/springframework/spring-orm/5.3.19/spring-orm-5.3.19-sources.jar","javadocContainerUrl":"file:/home/kirti/.m2/repository/org/springframework/spring-orm/5.3.19/spring-orm-5.3.19-javadoc.jar","isSystem":false,"isOwn":false,"isTest":false,"isJavaContent":false},{"kind":"binary","path":"/home/kirti/.m2/repository/org/springframework/spring-aspects/5.3.19/spring-aspects-5.3.19.jar","sourceContainerUrl":"file:/home/kirti/.m2/repository/org/springframework/spring-aspects/5.3.19/spring-aspects-5.3.19-sources.jar","javadocContainerUrl":"file:/home/kirti/.m2/repository/org/springframework/spring-aspects/5.3.19/spring-aspects-5.3.19-javadoc.jar","isSystem":false,"isOwn":false,"isTest":false,"isJavaContent":false},{"kind":"binary","path":"/home/kirti/.m2/repository/org/springframework/kafka/spring-kafka/2.8.5/spring-kafka-2.8.5.jar","sourceContainerUrl":"file:/home/kirti/.m2/repository/org/springframework/kafka/spring-kafka/2.8.5/spring-kafka-2.8.5-sources.jar","javadocContainerUrl":"file:/home/kirti/.m2/repository/org/springframework/kafka/spring-kafka/2.8.5/spring-kafka-2.8.5-javadoc.jar","isSystem":false,"isOwn":false,"isTest":false,"isJavaContent":false},{"kind":"binary","path":"/home/kirti/.m2/repository/org/springframework/spring-context/5.3.19/spring-context-5.3.19.jar","sourceContainerUrl":"file:/home/kirti/.m2/repository/org/springframework/spring-context/5.3.19/spring-context-5.3.19-sources.jar","javadocContainerUrl":"file:/home/kirti/.m2/repository/org/springframework/spring-context/5.3.19/spring-context-5.3.19-javadoc.jar","isSystem":false,"isOwn":false,"isTest":false,"isJavaContent":false},{"kind":"binary","path":"/home/kirti/.m2/repository/org/springframework/spring-expression/5.3.19/spring-expression-5.3.19.jar","sourceContainerUrl":"file:/home/kirti/.m2/repository/org/springframework/spring-expression/5.3.19/spring-expression-5.3.19-sources.jar","javadocContainerUrl":"file:/home/kirti/.m2/repository/org/springframework/spring-expression/5.3.19/spring-expression-5.3.19-javadoc.jar","isSystem":false,"isOwn":false,"isTest":false,"isJavaContent":false},{"kind":"binary","path":"/home/kirti/.m2/repository/org/springframework/spring-messaging/5.3.19/spring-messaging-5.3.19.jar","sourceContainerUrl":"file:/home/kirti/.m2/repository/org/springframework/spring-messaging/5.3.19/spring-messaging-5.3.19-sources.jar","javadocContainerUrl":"file:/home/kirti/.m2/repository/org/springframework/spring-messaging/5.3.19/spring-messaging-5.3.19-javadoc.jar","isSystem":false,"isOwn":false,"isTest":false,"isJavaContent":false},{"kind":"binary","path":"/home/kirti/.m2/repository/org/springframework/spring-tx/5.3.19/spring-tx-5.3.19.jar","sourceContainerUrl":"file:/home/kirti/.m2/repository/org/springframework/spring-tx/5.3.19/spring-tx-5.3.19-sources.jar","javadocContainerUrl":"file:/home/kirti/.m2/repository/org/springframework/spring-tx/5.3.19/spring-tx-5.3.19-javadoc.jar","isSystem":false,"isOwn":false,"isTest":false,"isJavaContent":false},{"kind":"binary","path":"/home/kirti/.m2/repository/org/springframework/retry/spring-retry/1.3.3/spring-retry-1.3.3.jar","sourceContainerUrl":"file:/home/kirti/.m2/repository/org/springframework/retry/spring-retry/1.3.3/spring-retry-1.3.3-sources.jar","javadocContainerUrl":"file:/home/kirti/.m2/repository/org/springframework/retry/spring-retry/1.3.3/spring-retry-1.3.3-javadoc.jar","isSystem":false,"isOwn":false,"isTest":false,"isJavaContent":false},{"kind":"binary","path":"/home/kirti/.m2/repository/org/apache/kafka/kafka-clients/3.0.1/kafka-clients-3.0.1.jar","sourceContainerUrl":"file:/home/kirti/.m2/repository/org/apache/kafka/kafka-clients/3.0.1/kafka-clients-3.0.1-sources.jar","javadocContainerUrl":"file:/home/kirti/.m2/repository/org/apache/kafka/kafka-clients/3.0.1/kafka-clients-3.0.1-javadoc.jar","isSystem":false,"isOwn":false,"isTest":false,"isJavaContent":false},{"kind":"binary","path":"/home/kirti/.m2/repository/com/github/luben/zstd-jni/1.5.0-2/zstd-jni-1.5.0-2.jar","sourceContainerUrl":"file:/home/kirti/.m2/repository/com/github/luben/zstd-jni/1.5.0-2/zstd-jni-1.5.0-2-sources.jar","javadocContainerUrl":"file:/home/kirti/.m2/repository/com/github/luben/zstd-jni/1.5.0-2/zstd-jni-1.5.0-2-javadoc.jar","isSystem":false,"isOwn":false,"isTest":false,"isJavaContent":false},{"kind":"binary","path":"/home/kirti/.m2/repository/org/lz4/lz4-java/1.7.1/lz4-java-1.7.1.jar","sourceContainerUrl":"file:/home/kirti/.m2/repository/org/lz4/lz4-java/1.7.1/lz4-java-1.7.1-sources.jar","javadocContainerUrl":"file:/home/kirti/.m2/repository/org/lz4/lz4-java/1.7.1/lz4-java-1.7.1-javadoc.jar","isSystem":false,"isOwn":false,"isTest":false,"isJavaContent":false},{"kind":"binary","path":"/home/kirti/.m2/repository/org/xerial/snappy/snappy-java/1.1.8.1/snappy-java-1.1.8.1.jar","sourceContainerUrl":"file:/home/kirti/.m2/repository/org/xerial/snappy/snappy-java/1.1.8.1/snappy-java-1.1.8.1-sources.jar","javadocContainerUrl":"file:/home/kirti/.m2/repository/org/xerial/snappy/snappy-java/1.1.8.1/snappy-java-1.1.8.1-javadoc.jar","isSystem":false,"isOwn":false,"isTest":false,"isJavaContent":false},{"kind":"binary","path":"/home/kirti/.m2/repository/com/google/code/findbugs/jsr305/3.0.2/jsr305-3.0.2.jar","sourceContainerUrl":"file:/home/kirti/.m2/repository/com/google/code/findbugs/jsr305/3.0.2/jsr305-3.0.2-sources.jar","javadocContainerUrl":"file:/home/kirti/.m2/repository/com/google/code/findbugs/jsr305/3.0.2/jsr305-3.0.2-javadoc.jar","isSystem":false,"isOwn":false,"isTest":false,"isJavaContent":false},{"kind":"binary","path":"/home/kirti/.m2/repository/org/springframework/boot/spring-boot-starter-web/2.6.7/spring-boot-starter-web-2.6.7.jar","sourceContainerUrl":"file:/home/kirti/.m2/repository/org/springframework/boot/spring-boot-starter-web/2.6.7/spring-boot-starter-web-2.6.7-sources.jar","javadocContainerUrl":"file:/home/kirti/.m2/repository/org/springframework/boot/spring-boot-starter-web/2.6.7/spring-boot-starter-web-2.6.7-javadoc.jar","isSystem":false,"isOwn":false,"isTest":false,"isJavaContent":false},{"kind":"binary","path":"/home/kirti/.m2/repository/org/springframework/boot/spring-boot-starter-json/2.6.7/spring-boot-starter-json-2.6.7.jar","sourceContainerUrl":"file:/home/kirti/.m2/repository/org/springframework/boot/spring-boot-starter-json/2.6.7/spring-boot-starter-json-2.6.7-sources.jar","javadocContainerUrl":"file:/home/kirti/.m2/repository/org/springframework/boot/spring-boot-starter-json/2.6.7/spring-boot-starter-json-2.6.7-javadoc.jar","isSystem":false,"isOwn":false,"isTest":false,"isJavaContent":false},{"kind":"binary","path":"/home/kirti/.m2/repository/com/fasterxml/jackson/datatype/jackson-datatype-jdk8/2.13.2/jackson-datatype-jdk8-2.13.2.jar","sourceContainerUrl":"file:/home/kirti/.m2/repository/com/fasterxml/jackson/datatype/jackson-datatype-jdk8/2.13.2/jackson-datatype-jdk8-2.13.2-sources.jar","javadocContainerUrl":"file:/home/kirti/.m2/repository/com/fasterxml/jackson/datatype/jackson-datatype-jdk8/2.13.2/jackson-datatype-jdk8-2.13.2-javadoc.jar","isSystem":false,"isOwn":false,"isTest":false,"isJavaContent":false},{"kind":"binary","path":"/home/kirti/.m2/repository/com/fasterxml/jackson/datatype/jackson-datatype-jsr310/2.13.2/jackson-datatype-jsr310-2.13.2.jar","sourceContainerUrl":"file:/home/kirti/.m2/repository/com/fasterxml/jackson/datatype/jackson-datatype-jsr310/2.13.2/jackson-datatype-jsr310-2.13.2-sources.jar","javadocContainerUrl":"file:/home/kirti/.m2/repository/com/fasterxml/jackson/datatype/jackson-datatype-jsr310/2.13.2/jackson-datatype-jsr310-2.13.2-javadoc.jar","isSystem":false,"isOwn":false,"isTest":false,"isJavaContent":false},{"kind":"binary","path":"/home/kirti/.m2/repository/com/fasterxml/jackson/module/jackson-module-parameter-names/2.13.2/jackson-module-parameter-names-2.13.2.jar","sourceContainerUrl":"file:/home/kirti/.m2/repository/com/fasterxml/jackson/module/jackson-module-parameter-names/2.13.2/jackson-module-parameter-names-2.13.2-sources.jar","javadocContainerUrl":"file:/home/kirti/.m2/repository/com/fasterxml/jackson/module/jackson-module-parameter-names/2.13.2/jackson-module-parameter-names-2.13.2-javadoc.jar","isSystem":false,"isOwn":false,"isTest":false,"isJavaContent":false},{"kind":"binary","path":"/home/kirti/.m2/repository/org/springframework/boot/spring-boot-starter-tomcat/2.6.7/spring-boot-starter-tomcat-2.6.7.jar","sourceContainerUrl":"file:/home/kirti/.m2/repository/org/springframework/boot/spring-boot-starter-tomcat/2.6.7/spring-boot-starter-tomcat-2.6.7-sources.jar","javadocContainerUrl":"file:/home/kirti/.m2/repository/org/springframework/boot/spring-boot-starter-tomcat/2.6.7/spring-boot-starter-tomcat-2.6.7-javadoc.jar","isSystem":false,"isOwn":false,"isTest":false,"isJavaContent":false},{"kind":"binary","path":"/home/kirti/.m2/repository/org/apache/tomcat/embed/tomcat-embed-core/9.0.62/tomcat-embed-core-9.0.62.jar","sourceContainerUrl":"file:/home/kirti/.m2/repository/org/apache/tomcat/embed/tomcat-embed-core/9.0.62/tomcat-embed-core-9.0.62-sources.jar","isSystem":false,"isOwn":false,"isTest":false,"isJavaContent":false},{"kind":"binary","path":"/home/kirti/.m2/repository/org/apache/tomcat/embed/tomcat-embed-websocket/9.0.62/tomcat-embed-websocket-9.0.62.jar","sourceContainerUrl":"file:/home/kirti/.m2/repository/org/apache/tomcat/embed/tomcat-embed-websocket/9.0.62/tomcat-embed-websocket-9.0.62-sources.jar","isSystem":false,"isOwn":false,"isTest":false,"isJavaContent":false},{"kind":"binary","path":"/home/kirti/.m2/repository/org/springframework/spring-web/5.3.19/spring-web-5.3.19.jar","sourceContainerUrl":"file:/home/kirti/.m2/repository/org/springframework/spring-web/5.3.19/spring-web-5.3.19-sources.jar","javadocContainerUrl":"file:/home/kirti/.m2/repository/org/springframework/spring-web/5.3.19/spring-web-5.3.19-javadoc.jar","isSystem":false,"isOwn":false,"isTest":false,"isJavaContent":false},{"kind":"binary","path":"/home/kirti/.m2/repository/org/springframework/spring-webmvc/5.3.19/spring-webmvc-5.3.19.jar","sourceContainerUrl":"file:/home/kirti/.m2/repository/org/springframework/spring-webmvc/5.3.19/spring-webmvc-5.3.19-sources.jar","javadocContainerUrl":"file:/home/kirti/.m2/repository/org/springframework/spring-webmvc/5.3.19/spring-webmvc-5.3.19-javadoc.jar","isSystem":false,"isOwn":false,"isTest":false,"isJavaContent":false},{"kind":"binary","path":"/home/kirti/.m2/repository/mysql/mysql-connector-java/8.0.28/mysql-connector-java-8.0.28.jar","sourceContainerUrl":"file:/home/kirti/.m2/repository/mysql/mysql-connector-java/8.0.28/mysql-connector-java-8.0.28-sources.jar","isSystem":false,"isOwn":false,"isTest":false,"isJavaContent":false},{"kind":"binary","path":"/home/kirti/.m2/repository/javax/xml/bind/jaxb-api/2.3.0/jaxb-api-2.3.0.jar","sourceContainerUrl":"file:/home/kirti/.m2/repository/javax/xml/bind/jaxb-api/2.3.0/jaxb-api-2.3.0-sources.jar","javadocContainerUrl":"file:/home/kirti/.m2/repository/javax/xml/bind/jaxb-api/2.3.0/jaxb-api-2.3.0-javadoc.jar","isSystem":false,"isOwn":false,"isTest":false,"isJavaContent":false},{"kind":"binary","path":"/home/kirti/development/kirti_workspace/BeepCallApi/src/main/resources/lib/FileBaseLogging.jar","isSystem":false,"isOwn":false,"isTest":false,"isJavaContent":false},{"kind":"binary","path":"/home/kirti/.m2/repository/org/modelmapper/modelmapper/2.3.5/modelmapper-2.3.5.jar","sourceContainerUrl":"file:/home/kirti/.m2/repository/org/modelmapper/modelmapper/2.3.5/modelmapper-2.3.5-sources.jar","javadocContainerUrl":"file:/home/kirti/.m2/repository/org/modelmapper/modelmapper/2.3.5/modelmapper-2.3.5-javadoc.jar","isSystem":false,"isOwn":false,"isTest":false,"isJavaContent":false},{"kind":"source","path":"/home/kirti/development/kirti_workspace/BeepCallApi/src/main/java","outputFolder":"/home/kirti/development/kirti_workspace/BeepCallApi/target/classes","javadocContainerUrl":"file:/home/kirti/development/kirti_workspace/BeepCallApi/target/site/apidocs","isSystem":false,"isOwn":true,"isTest":false,"isJavaContent":true},{"kind":"source","path":"/home/kirti/development/kirti_workspace/BeepCallApi/src/test/java","outputFolder":"/home/kirti/development/kirti_workspace/BeepCallApi/target/test-classes","javadocContainerUrl":"file:/home/kirti/development/kirti_workspace/BeepCallApi/target/site/apidocs","isSystem":false,"isOwn":true,"isTest":true,"isJavaContent":true},{"kind":"source","path":"/home/kirti/development/kirti_workspace/BeepCallApi/src/main/resources","outputFolder":"/home/kirti/development/kirti_workspace/BeepCallApi/target/classes","isSystem":false,"isOwn":true,"isTest":false,"isJavaContent":false},{"kind":"source","path":"/home/kirti/development/kirti_workspace/BeepCallApi/src/test/resources","outputFolder":"/home/kirti/development/kirti_workspace/BeepCallApi/target/test-classes","isSystem":false,"isOwn":true,"isTest":true,"isJavaContent":false},{"kind":"source","path":"/home/kirti/development/kirti_workspace/BeepCallApi/src/test/java","outputFolder":"/home/kirti/development/kirti_workspace/BeepCallApi/target/test-classes","javadocContainerUrl":"file:/home/kirti/development/kirti_workspace/BeepCallApi/target/site/apidocs","isSystem":false,"isOwn":true,"isTest":false,"isJavaContent":false}]}