<?xml version="1.0" encoding="UTF-8"?>
<beans xmlns="http://www.springframework.org/schema/beans"
    xmlns:xsi="http://www.w3.org/2001/XMLSchema-instance" xmlns:context="http://www.springframework.org/schema/context"
    xmlns:aop="http://www.springframework.org/schema/aop"
    xsi:schemaLocation="http://www.springframework.org/schema/beans
    http://www.springframework.org/schema/beans/spring-beans-3.0.xsd
    http://www.springframework.org/schema/context
    http://www.springframework.org/schema/context/spring-context-3.0.xsd
    http://www.springframework.org/schema/aop 
    http://www.springframework.org/schema/aop/spring-aop-3.0.xsd
    ">
    
    <bean id="st" class="com.redhat.SpringDemo2.Student" autowire="byType" scope="prototype">
    	  <property name="age" value="13"></property>   <!--setter injection  and it will call setAge() method to set age=13 -->
 		<!--  <constructor-arg value="12" name="age"></constructor-arg> -->   <!--  constructor injection -->
 		 <!-- <constructor-arg value="sam" name="name"></constructor-arg> -->
  		  <!-- <property name="desktop" ref="desk"></property> --> <!--  setter injection of reference variable -->
  		 <!-- <property name="com" ref="lap"></property> -->
    </bean>
    
    <!-- In autowire="byName" If Computer declare as "com"" in Student.java and laptop or desktop beanId=com in Spring.xml
    Then it will automatically pick the bean with id= "com". -->
    
    <!-- to use this property tag we must have getAge() getter method in student class -->
    
    <bean id="lap" class="com.redhat.SpringDemo2.Laptop" primary="true" ></bean> 
    <!--  byName me ye com k name se search kare ga q ki student class me Computer com; hai.-->
    
    <bean id="desk" class="com.redhat.SpringDemo2.Desktop"></bean>
    
    </beans>
    
    
    <!-- which properties are compulsory to assign value we use constructor injection and which properties are
     optional we use setter injection -->
     
     <!-- autowire can go byName and byType , In byName it will try to match the name of id or name of bean
     when you say byType it try to find the type of the bean. -->